Company,Type,Location,Phone,Website,Email
O&G Bridgeport Concrete Plant,Ready mix concrete supplier,260 Bostwick Ave Suite 3,(203) 366-2565,http://ogind.com/,contactus@ogind.com
City Cement Block Del Corporation,Ready mix concrete supplier,83 North Ave,(203) 334-0702,,
Triple MB construction llc,Concrete contractor,75 Wessels Ave,(718) 749-2286,https://triple-mb-construction-llc.business.site/?utm_source=gmb&utm_medium=referral,
Santos Concrete Pumping,Concrete contractor,126 Frank St,(203) 336-4012,,
Mohican Valley Concrete Corporation.,Ready mix concrete supplier,"Fairfield, CT",(203) 254-7133,http://www.mohicanvalley.com/,donna@mohicanvalley.com
D & P Construction Inc,Concrete contractor,222 Lexington Ave,(203) 334-8193,,
T Arduini Co Inc,Concrete contractor,312 River St,(203) 366-0093,,
G.Pic & Sons Construction Co,Concrete contractor,225 Knowlton St,(203) 334-2300,http://www.gpicandsonsconstruction.com/,
ASL Contracting,Concrete contractor,655 Reservoir Ave,(203) 373-9235,,
Star Construction Corporation,Concrete contractor,"Stratford, CT",(203) 386-9211,https://starconstructioncorp.com/,sales@starconstructioncorp.com
O&G Industries Inc.,Sand & gravel supplier,325 Hancock Ave,(203) 337-5119,,
Nomix Corporation,Ready mix concrete supplier,"Fairfield, CT",(203) 366-5600,,
ivs Landscaping & masonry llc,Masonry contractor,209 Hawley Ave,(203) 690-6030,,
Concrete Encounter,Countertop store,430 Poplar St,(203) 659-4765,http://www.concreteencounter.com/,
Elias Masonry,General contractor,296 Taft Ave,(203) 455-7168,,
J & L Concrete Inc,Concrete contractor,5+ years in business,(203) 804-4606,http://www.concretefairfield.com/,
ValueDry Basement Waterproofing & Remodeling,Concrete contractor,1380 Seaview Ave,(203) 256-1373,http://www.basementwaterproofing123.com/,
Polished Cement Solution,Flooring store,100 Fairfield Ave ste 107,,https://www.polishconcretesolutions.com/,
East Coast Concrete Products LLC,Concrete contractor,"Milford, CT",(203) 877-7727,,
J & J Concrete Specialist Inc,Concrete contractor,"Stratford, CT",(203) 377-6141,,
Jim Rogers Construction,Concrete contractor,10+ years in business,(203) 530-2060,http://www.jimrogersconstruction.com/,
"360 Contracting LLC - General Specialist Company, Building Construction Services in Bridgeport CT",Concrete contractor,10+ years in business,,,
Short Load Concrete,Ready mix concrete supplier,"Milford, CT",(866) 746-7853,http://www.shortloadconcrete2.com/,
"M & L Construction, Inc",General contractor,"Bridgeport, Connecticut",(203) 290-4191,,
New England Paving & Construction,Paving contractor,4935 Main St,(203) 502-3996,http://newenglandpavingconstruction.com/?utm_source=gmb&utm_medium=referral,
Reis Concrete Works,General contractor,"Milford, CT",(203) 925-7708,,
Executive Concrete Solutions LLC.,Flooring contractor,"Bridgeport, Connecticut",(475) 731-1693,http://executiveconcretesolutionsllc.com/,info@mysite.com
Hardscapes Design by DaVinci,Concrete contractor,"Stratford, CT",(203) 328-4624,http://www.getdavinci.com/,michele@getdavinci.com
The L. Suzio York Hill Companies,Concrete contractor,"Milford, CT",(888) 789-4626,http://www.suzioyorkhill.com/,
"Arrow Concrete Products, Inc.",Concrete contractor,"Milford, CT",,http://arrow-concrete.com/,
"ROSE CONSTRUCTION COMPANY, LLC",Construction company,277 Davenport St,(203) 820-3879,https://m.facebook.com/RoseConstructionCompanyLLC/,
Milford Stamped Concrete,Concrete contractor,"Bridgeport, Connecticut",(203) 769-9525,https://www.milfordstampedconcrete.com/,
J Videira's Paving LLC,Paving contractor,330 Dekalb Ave,(203) 333-8481,https://jvideiraspaving.com/,
Martin Construction and Concrete Company LLC,Concrete contractor,"Milford, CT",(203) 283-0521,,
North Eastern Decorative Concrete,Concrete contractor,"Shelton, CT",(203) 513-0157,http://www.northeasterndecorativeconcrete.com/,
San Mat Construction Llc,Contractor,124 Harlem Ave,,http://www.sanmatconstruction.com/,
Connecticut Paving PROS - Bridgeport,Concrete contractor,480 Pine St,(203) 769-9196,http://www.connecticutpavingpros.com/bridgeport-ct.html,
VP Construction & Stone,Masonry contractor,"Fairfield, CT",(203) 587-0882,https://vpconstructionandstone.business.site/,
Trochez Paving and Masonry,Paving contractor,508 N Summerfield Ave,(203) 908-2800,,
Bridgeport Paving Co Inc,Paving contractor,565 Knowlton St,(203) 333-7994,http://www.bridgeportpavingco.com/,
Concrete Norwalk CT,Concrete contractor,"Bridgeport, Connecticut",(475) 252-5930,http://concretenorwalkct.com/,
"Connecticut Masonry, LLC",Concrete contractor,"West Haven, CT",(203) 404-5087,http://www.connecticut-masonry.com/,
Macoy General Contracting,Concrete contractor,"Stratford, CT",(203) 292-9898,http://www.macoycontracting.com/,macoyasphalt@hotmail.com
Elite Concrete Systems,Concrete contractor,"Milford, CT",(866) 305-7221,http://eliteconcretesystems.com/,mail@eliteconcretesystems.com
Homer C Godfrey Co,Building materials store,1360 Central Ave,(203) 336-1823,http://www.homercgodfrey.com/,
Norwalk Concrete,Concrete contractor,"Bridgeport, Connecticut",(203) 402-8077,https://www.norwalkconcreteservices.com/,
Lucio's Masonry,Masonry contractor,5+ years in business,(203) 455-7278,,
Connecticut Concrete Contractor Pros,Concrete contractor,5+ years in business,(203) 456-2555,http://www.ctconcretecontractors.com/,HR.homeremodel@gmail.com 
L Suzio Concrete Co Inc,Concrete contractor,"New Haven, CT",(203) 785-0464,,
Perform Concrete,Concrete contractor,"Bethel, CT",(203) 743-3719,https://www.performconcreteinc.com/,
AggreCrete,Asphalt contractor,"Orange, CT",(203) 799-0372,,
colonna concrete and asphalt paving,Concrete contractor,"Woodbridge, CT",(203) 397-2287,http://www.colonnaconcrete.com/,
Concrete Creations LLC,Concrete contractor,"New Haven, CT",(203) 624-9700,,
KLM Concrete Repair Company,Concrete contractor,"West Haven, CT",(203) 506-6870,http://www.klmconcreteco.com/,info@klmconcreteco.com
V&M concrete choice,Concrete contractor,5+ years in business,(203) 887-2104,,
Concrete Superstructures Inc,Contractor,"Seymour, CT",(203) 463-8492,http://concretesuperstructuresinc.com/,
B & M Concrete Corporation,Concrete contractor,"Danbury, CT",(203) 798-9353,,
Luryno Paving & Masonry LLC,Masonry contractor,270 Wells St,(917) 891-7201,http://lurynopaving.com/,
Sega Ready Mix Inc,Ready mix concrete supplier,"Waterbury, CT · In Massconny Recyclers",(203) 756-6044,http://www.segareadymix.com/,tswoyer@yahoo.com
Wolcott Concrete Construction LLC,Concrete contractor,"Wolcott, CT",(203) 879-0707,,
USA concrete,Masonry contractor,"New Haven, Connecticut",(203) 695-9738,https://usa-concrete.business.site/?utm_source=gmb&utm_medium=referral,
Belanger Concrete Works,Concrete contractor,"Waterbury, CT",(860) 770-0515,https://belanger-concrete-works.business.site/?utm_source=gmb&utm_medium=referral,
"Divine Masonry & Concrete,LLC",Masonry contractor,3+ years in business,,https://divinemasonryconcretellc.business.site/?utm_source=gmb&utm_medium=referral,
Spino's Paving,Concrete contractor,"Oakville, CT",(860) 945-9379,,
Jonathan Concrete,Concrete contractor,"Watertown, CT",(203) 706-4472,,
ASAP Industries LLC Thomaston CT,Ready mix concrete supplier,"Thomaston, CT",(860) 480-4812,http://www.asapindustriesllc.com/,
Danny’s Concrete Design LLC,Concrete contractor,"Waterbury, CT",(860) 878-5244,http://www.dannysconcretedesign.com/,dannysamc@gmail.com
Killer Concrete LLC,Construction company,"Naugatuck, CT",(203) 723-4049,,
M&S Masonry Concrete LLC,Construction company,"New Haven, Connecticut",(203) 510-0850,https://ms-masonry-concrete-llc.business.site/?utm_source=gmb&utm_medium=referral,
Century Concrete Corporation,Concrete contractor,"Naugatuck, CT",(203) 729-9543,,
"Concrete Curb Crafters, LLC",Concrete contractor,"Waterbury, CT",(800) 637-2464,,
Colossale Concrete,Concrete contractor,"Wolcott, CT",(203) 879-1961,,
F & F Concrete,Ready mix concrete supplier,"Plantsville, CT",(860) 628-9674,http://www.ffconcrete.com/,
Construction & Concrete,Concrete contractor,"Thomaston, CT",(860) 480-4812,http://www.asapindustriesllc.com/contact-us/,info@mydomain.com
Alpha Concrete Construction Co,Construction company,"Waterbury, CT",(203) 755-0767,,
Decorative Concrete of Connecticut,Concrete contractor,3+ years in business,(203) 598-5369,https://decorative-concrete-of-connecticut.business.site/,
C & R Concrete LLC,Concrete contractor,"Torrington, CT",(860) 482-5818,,
Diorio Concrete,Concrete contractor,"Bristol, CT",(860) 558-7064,,
Aa Concrete Construction,Concrete contractor,"Naugatuck, CT",(203) 723-1951,,
Northwest Concrete LLC,Concrete contractor,"Bantam, CT",(860) 491-2513,,
Get It Done Concrete,Concrete contractor,"Bristol, CT",(860) 585-5550,,
Terry's Concrete LLC,Concrete contractor,"Plainville, CT",(860) 747-5986,,
Rps Concrete Llc,Construction company,"Southington, CT",,,
R&Re Pool Deck Patio & Masonry LLC,Concrete contractor,"Watertown, CT",(203) 706-8784,http://rezimasonry.com/,info@rezimasonry.com
"JT Concrete, LLC",Construction company,"Naugatuck, CT",(203) 729-4872,,
South End Concrete & Construction,Concrete contractor,"Plantsville, CT",(860) 919-5557,,
Brisk Concrete Contractors,Concrete contractor,"Southington, CT",(860) 628-2920,,
"Top Tier Concrete, LLC",Concrete contractor,"Southbury, CT",(203) 300-2524,https://cttoptierconcrete.com/,
O&G Harwinton Concrete Plant,Concrete contractor,"Harwinton, CT",(860) 485-6605,http://www.ogind.com/concrete,contactus@ogind.com
Aceves Jr. Concrete LLC,Concrete contractor,"Meriden, CT",(203) 343-9985,,
Thomas Concrete,Concrete contractor,"Southington, CT",(860) 628-4957,https://thomasconcrete.com/,malito:info@thomasconcrete.com
Eagle Masonry & Paving llc,Excavating contractor,"Watertown, CT",(860) 960-7451,http://eaglemasonryandpaving.com/,
Amenta Custom Concrete LLC,Concrete contractor,"Southington, CT",(860) 919-7266,,
Derek & Sister Construction Corp,Masonry contractor,"New Haven, Connecticut",(347) 581-6016,https://masonrycontractorwaterbury.com/,
Simple Slabs,Masonry contractor,"Naugatuck, CT",(203) 768-8394,https://www.simpleslabs.co/,Joey@Simpleslabs.co
Garfield Concrete LLC,Concrete contractor,"Oxford, CT",(203) 264-1642,https://www.garfieldconcrete.com/,garfieldconcrete@att.net
O&G Southbury Concrete Plant,Concrete contractor,"Southbury, CT",(203) 264-4964,http://www.ogind.com/concrete,contactus@ogind.com
Farmington Ready Mix Inc,Concrete contractor,"Farmington, CT",(860) 677-2626,http://farmingtonreadymix.com/,
O&G Beacon Falls Concrete Plant,Concrete contractor,"Beacon Falls, CT",(203) 723-1636,http://www.ogind.com/concrete,contactus@ogind.com
"Marvelous Masonry, LLC",Concrete contractor,5+ years in business,(203) 706-5717,http://www.marvelousmasonryllc.com/,marvelousmasonry@gmail.com
Concrete Impressions LLC,Masonry contractor,"Southington, CT",(203) 233-8271,,
A&B Concrete LLC,Concrete contractor,"Hamden, CT · In The Giving Tree-Hamden CT",(203) 600-8187,,
Monster Concrete and Pavers,Concrete contractor,3+ years in business,(203) 263-1950,https://monsterconcreteandpavers.com/,
ACV Concrete LLC,Concrete contractor,"Meriden, CT",(203) 686-0897,,
Speedy Crete LLC,Concrete contractor,"New Hartford, CT",(203) 459-8400,,
BEBRI MASONRY,Masonry contractor,"Watertown, CT",(203) 768-7291,https://bebri-masonry.business.site/,
J. Mongillo Concrete Construction,Concrete contractor,"Southington, CT",(860) 637-5471,https://www.facebook.com/mongilloconstruction/,
ProArmour Concrete Coatings Connecticut,Concrete contractor,"Bristol, CT",(860) 512-8300,,
Leonard's Masonry Service LLC,Masonry contractor,"Oakville, CT",(203) 725-5086,http://leonardsmasonryservicellc.com/?utm_source=gmb&utm_medium=referral,
ctpavingconcrete,Paving contractor,"Wolcott, CT",(203) 879-0018,https://ctpavingconcrete.com/,contact@ctpavingconcrete.com
General Masonry LLC,Concrete contractor,"New Haven, Connecticut",(203) 757-5590,http://generalmasonryct.com/,
AA Outdoor Services Llc,Concrete contractor,"Southbury, CT",(860) 924-7373,,
Washington Concrete Products Inc.,Concrete contractor,"Plainville, CT",(860) 747-5242,http://washingtonconcrete.com/,
Julian Pool Decks,Concrete contractor,5+ years in business,(203) 706-6606,http://www.julianpooldecks.com/,
New Foundations Inc,Concrete contractor,"Cheshire, CT",(203) 271-3485,,
Mejia Concrete Construction LLC,Concrete contractor,"Wallingford, CT",(203) 633-2009,,
"3D Masonry, LLC",Concrete contractor,"Waterbury, Connecticut",(475) 235-9137,,
L & R Masonry LLC,Masonry contractor,3+ years in business,(203) 565-2765,https://l-r-masonry-llc.business.site/,
Bart Lo Russo & Sons Inc,Concrete contractor,109 Nichols Dr,(203) 575-1677,,
ADR Contracting,Concrete contractor,253 Karen Ave,(860) 481-1099,https://adrcontractingct.com/,adrmasonry@gmail.com
Arnold's Masonry And Construction LLC,Masonry contractor,"Waterbury, Connecticut",(203) 808-6886,http://www.arnoldsmasonry.com/,arnoldbestmason@aol.com
Visionary masonry llc,Construction company,109 Rosewood Ave,(860) 877-1471,,
Dave's Paving & Construction,Paving contractor,"Waterbury, CT",(203) 753-4992,,
R&M Masonry,Construction company,"Waterbury, Connecticut",(475) 313-4085,http://www.masonryrm.com/,
CT Pro Masonry llc,Masonry contractor,"Waterbury, Connecticut",(203) 525-6588,http://ctpromasonry.com/,
Euro Masonry,Masonry contractor,"Waterbury, CT · In United States Postal Service",(203) 707-3348,,
Brass City Paving LLC,Paving contractor,"Waterbury, Connecticut",(203) 525-6137,,
Geni Masonry LLC,Construction company,"Waterbury, Connecticut",(203) 565-1272,https://geni-masonry-llc.business.site/?utm_source=gmb&utm_medium=referral,
Design & Build Masonry LLC,Masonry contractor,278 Juniper Ridge Dr,(203) 768-5382,https://www.design-build.info/,ademifaruk61@gmai.com
Tri-State Underlayments,Concrete contractor,"In Diamond Roofing Specialist, Inc.",(203) 754-6356,,
Balliu Masonry,Masonry contractor,27 Framingham Drive,(475) 228-6200,,
Jorgo's Masonry,Concrete contractor,5+ years in business,(203) 578-7579,https://jorgosmasonry.business.site/,
Tau Masonry Llc,Masonry contractor,123 Midfield Dr apt-18,(203) 565-8587,,
KAPO Construction & Masonry,Masonry contractor,"Wolcott, CT",(203) 560-7877,https://www.kapo-construction-masonry.com/,albi.kapo@live.com
Tom's Paving & Masonry Services,Asphalt contractor,"Wolcott, CT",(203) 704-0004,http://tomspavingandmasonryservices.com/,
Tilcon Connecticut,Ready mix concrete supplier,"Southington, CT",(860) 621-6510,http://www.tilconct.com/,
Krekas Masonry,Masonry contractor,"Waterbury, Connecticut",(203) 440-5252,https://krekasmasonry.com/,
Crown Asphalt Driveway Seal Coating and Repair,Masonry contractor,In One Exchange Place,(203) 559-8541,http://www.crownasphaltdrivewaysealcoatingrepairct.net/,
Original masonry Llc,Masonry contractor,54 Midfield Dr,(203) 709-0662,https://original-masonry-llc.business.site/?utm_source=gmb&utm_medium=referral,
Eagle Concrete LLC,Concrete contractor,"Danbury, CT",(203) 798-1248,,
O&G Danbury Concrete Plant,Concrete contractor,"Danbury, CT",(203) 748-5696,http://www.ogind.com/concrete,contactus@ogind.com
New England Concrete Work,Concrete contractor,5+ years in business,,,
Vival Concrete Foundation llc,Concrete contractor,"Danbury, Connecticut",(203) 501-3849,https://vival-concrete-foundation-llc.business.site/?utm_source=gmb&utm_medium=referral,
J & J Concrete,Concrete contractor,"Danbury, CT",(203) 798-8310,,
East Coast Concrete Foundation,Concrete contractor,"Danbury, CT",(203) 205-0482,,
A-Plus Concrete LLC,Concrete contractor,10+ years in business,(203) 744-7661,http://www.iwantconcrete.com/,
fly concrete,Concrete contractor,3+ years in business,(203) 460-6021,https://fly-concrete.business.site/?utm_source=gmb&utm_medium=referral,
Vival Concrete Foundation Llc,Concrete factory,"Danbury, CT",(203) 501-3849,,
Design Concrete Inc,Concrete contractor,"Danbury, CT",(203) 790-8206,,
Discover Concrete Co. Inc,Ready mix concrete supplier,"Danbury, CT",(203) 743-3278,,
Hat City Concrete Pumping,Concrete contractor,"Danbury, Connecticut",(203) 790-7300,,
Connecticut Bomanite Systems,Concrete contractor,"Bethel, CT",(203) 778-5719,http://bomanite.com/,imagine@bomanite.com
Advanced Concrete Cutting Services,Concrete contractor,"Danbury, CT",(203) 948-1335,http://www.accsvc.com/,
S Freda Corp.,Concrete contractor,"Danbury, CT",(203) 403-6617,https://sfredacorp.business.site/?utm_source=gmb&utm_medium=referral,
Bee Concrete,Concrete contractor,5+ years in business,(203) 770-8794,,
Wet basement eco solutions llc,Concrete contractor,"Danbury, CT",(203) 312-6841,,
Danbury Concrete Pumping,Concrete contractor,"Bethel, CT",(203) 791-8087,,
"J & J Concrete Foundations, Inc.",Masonry contractor,"Bethel, CT",(203) 948-3679,https://www.danburyconcrete.com/,
C-Rod Foundations LLC,Concrete contractor,"Danbury, CT",(203) 948-9372,http://www.crodfoundations.com/,
Luno Masonry,Masonry contractor,"Danbury, CT · In The Iron Butterfly Tattoo & Piercing",(203) 770-9273,,
"Conncrete Works, LLC",Construction equipment supplier,"Danbury, CT",(203) 775-3775,https://conncreteworks.com/,sales@conncreteworks.com
Concrete Rock Surfaces LLC,Concrete contractor,"Bethel, CT",(203) 743-3693,http://concreterock.com/,
M & M Precast Corporation,Concrete product supplier,"Danbury, CT",(203) 743-5559,http://www.mmprecast.com/home,toddmmprecast@yahoo.com
MAS Masonry&Landscaping Comp. LLC,Masonry contractor,"Danbury, CT",(203) 885-2764,,
Candullo Brothers,Concrete contractor,"Brookfield, CT",(914) 403-2647,http://www.candullobrothers.com/,tino@candullobrothers.com
Bravo Masonry,Masonry contractor,"Danbury, CT",(203) 648-3322,,
Grosso Property Maintenance LLC,Concrete contractor,"Danbury, Connecticut",(203) 617-5623,https://grossopropertymaintenance.com/,
Mono-Crete Step,Concrete contractor,45+ years in business,(203) 748-8419,https://www.monocrete.com/,
Connecticut Foundation Corporation,Concrete contractor,"Danbury, CT",(203) 794-1147,http://connecticutfoundations.com/,?subject=Check out Connecticut Foundations Corporation&body=I thought you%27d be interested in this site%3A%0Ahttp%3A%2F%2Fconnecticutfoundations.com%2F
"Earthmovers, Inc.",Excavating contractor,"Danbury, CT",(203) 743-5385,https://earthmoversinc.net/,
European Masonry Contractors,Masonry contractor,"Danbury, CT",(203) 792-5322,http://www.europeanmasonrycontractors.com/contact.html,european1991@yahoo.com
A&W General Contractor LLC,Construction company,"Danbury, CT",(203) 544-3912,http://www.aewgeneralcontractor.com/,
Silverio A Asphalt Paving,Landscaper,"Danbury, CT",(203) 748-5649,,
Concrete Pumping,Contractor,"Danbury, CT",(203) 826-6554,,
Sega Ready Mix,Ready mix concrete supplier,"New Milford, CT",(860) 354-3969,http://www.segareadymix.com/,tswoyer@yahoo.com
Dirt Cheap Digger - Mini Excavation,Concrete contractor,"Danbury, Connecticut",(203) 364-8343,,
Greenway Industries,Concrete contractor,"Danbury, Connecticut",(203) 885-1037,http://greenwayindustries.net/,
VISION CONSTRUCTION LLC,Paving contractor,20+ years in business,(203) 617-9238,https://vision-construction-llc-paving-contractor.business.site/?utm_source=gmb&utm_medium=referral,
Precision Tile & Concrete Inc,Tile contractor,"New Fairfield, CT",(203) 746-1946,https://precisiontileandconcrete.com/,
Connecticut Paving PROS - Danbury,Concrete contractor,In Hat City Pawn,(203) 409-1837,http://www.connecticutpavingpros.com/danbury-ct.html,
Brewster Ready Mix Corporation,Ready mix concrete supplier,"Brewster, NY",(845) 279-3738,,
Titan Concrete Inc.,Ready mix concrete supplier,"Carmel Hamlet, NY",(718) 288-8585,https://www.titanconcretecorp.com/,Info@TitanConcreteCorp.com
Dacosta Brothers Masonry & Landscaping LLC,Landscape designer,"Bethel, CT",(203) 482-7150,https://dacostabrothers.com/,
J & J Constructions and Basements Systems,Concrete contractor,"Danbury, Connecticut",(203) 589-0143,,
Neutocrete,Contractor,17 Beaver Brook Rd,(888) 799-9997,http://neutocrete.com/,
Earth Products Showcase,Construction company,"Danbury, Connecticut",(203) 730-4880,,
LEON’S Construction,General contractor,"Danbury, Connecticut",(203) 885-3184,http://leonsmasonryconstruction.com/,leonsmasonry@gmail.com
J.M.M. Landscaping & Design Inc,Landscaper,"Danbury, Connecticut",(203) 943-9075,,
DaCosta Construction Inc.,Paving contractor,"Danbury, Connecticut",(203) 797-9973,http://www.dacostaconstructioninc.com/,
A Silverio Asphalt Paving,Paving contractor,"Danbury, Connecticut",(203) 748-5649,http://www.asilveriopaving.com/,silveriopaving@sbcglobal.net
Eastern Precast Co Inc,Concrete factory,"Brookfield, CT",(203) 775-0230,http://www.easternprecast.com/,
Preferred Flooring LLC,Flooring contractor,39 Lake Ave,(203) 947-8656,https://www.preferredflooringllc.net/,diascontracting@hotmail.com
Amaral & Ferreira Paving Co,General contractor,"Danbury, Connecticut",(203) 748-4004,,
Carlson Concrete Cutting,Concrete contractor,"Brewster, NY",(914) 424-5687,http://www.carlsonconcretecutting.com/,carlsonconcretecutting@yahoo.com
Hartford Concrete,Concrete contractor,"West Hartford, Connecticut",(959) 777-5560,https://www.hartfordconcretecontractor.com/,
Dek Concrete Inc,Concrete contractor,"Newington, CT",(860) 236-9244,,
Concrete guys LLC,Home builder,"West Hartford, CT",(860) 502-0945,,
Oakleaf Concrete Engraving,Concrete contractor,"West Hartford, CT",(860) 561-1542,http://www.oakleafconcrete.com/,oakleafconcrete@yahoo.com
A G Construction Services LLC,Concrete contractor,"Hartford, CT",(860) 308-1626,,
"Modern Concrete Pumping, Inc.",Concrete contractor,"Newington, CT",(860) 233-6362,http://www.modernconcretepumping.com/,info@modernconcretepumping.net
Hartford Concrete Paving,Concrete contractor,"Hartford, CT",(860) 390-5089,,
Jd construction,Paving contractor,"West Hartford, CT",(860) 655-5038,http://www.jdconstruction-ct.com/,
T & T Concrete & Landscapes,Concrete contractor,"Hartford, CT",(860) 296-3388,,
Tilcon Connecticut | Hartford,Ready mix concrete supplier,"Hartford, CT",(860) 612-5109,http://www.tilconct.com/,
Dominic Micoletti Concrete,Concrete contractor,"East Hartford, CT",(860) 306-7261,https://dominicmicoletticoncrete.com/,
M & D Concrete LLC,Concrete contractor,"Bloomfield, CT",(860) 242-2937,,
C & C Concrete Curb,Concrete contractor,"New Britain, CT",(860) 827-8637,http://concretecrafters.com/,
Joslin Concrete,Concrete contractor,5+ years in business,(860) 291-8456,http://joslinconcretellc.com/,joscrete@yahoo.com
Aleria Custom Concrete,Concrete contractor,"East Hartford, CT",(860) 646-0309,http://aleriacustomconcrete.com/,
Complete Care Masonry Llc,Masonry contractor,"Farmington, CT",,,
Concrete Anytime,Ready mix concrete supplier,"Hartford, CT",(860) 402-5586,,
Concrete New Britain CT,Concrete contractor,"West Hartford, Connecticut",(203) 697-8477,https://www.concretenewbritainct.com/,
Ari's Masonry,Masonry contractor,"West Hartford, CT · In United States Postal Service",(860) 620-9014,,
Wespro Concrete & Asphalt,Concrete contractor,"Wethersfield, CT",(860) 529-4418,http://concretect.com/,ConcreteCT@cox.net
"Carvalho & Mcdowell Construction, Inc.",Construction company,"West Hartford, CT",(860) 231-7110,,
Ceco Corporation,Concrete contractor,"Bloomfield, CT",(860) 242-6960,https://www.cecoconcrete.com/,
DURAFORM LTD,Concrete contractor,"Hartford, CT",(860) 296-0570,http://www.duraform.com/,duraform@duraform.com
AM Construction,Roofing contractor,"West Hartford, CT",(860) 962-6400,,
Connecticut Concrete Form Inc,Concrete contractor,"Farmington, CT",(860) 674-1314,,
Susaya Construction Co Inc,Concrete contractor,"Bloomfield, CT",(860) 242-7107,https://susayaconstruction.com/,
Natale Concrete Construction LLC,Concrete contractor,"Bloomfield, CT",(860) 243-0188,http://nataleconcreteconstruction.com/,
"Concrete Raising Corporation of CT, LLC",Concrete contractor,"New Britain, CT",(860) 224-2244,http://www.atlasconcrete.com/,atlasconcrete7@gmail.com
Builder's Concrete Inc,Ready mix concrete supplier,"Manchester, CT",(860) 643-5578,https://www.bceast.com/contact-manchester-ct,
Joslin Concrete & Snow Plowing LLC,Concrete contractor,"West Hartford, Connecticut",(860) 836-9552,https://www.joslinconcretellc.com/,joscrete@yahoo.com
Lee Contracting,Concrete contractor,"New Britain, CT",(860) 317-7157,https://www.leecontractingct.com/,
Maynard Concrete Pumping,Concrete contractor,"Newington, CT",(860) 233-4700,,
Cromwell Concrete Products Inc,Concrete contractor,"Cromwell, CT",(860) 635-5146,http://www.cromwellconcreteproducts.com/,
Masse Construction Co Inc,Concrete contractor,"Unionville, CT",(860) 673-9878,,
Pusey Stones and Concrete,Concrete contractor,3+ years in business,(860) 431-2845,https://pmichcail.wixsite.com/website,dougy_stonecraft@yahoo.com
A Aiudi & Sons LLC,Concrete contractor,"Plainville, CT",(860) 747-5534,,
Veilleux Concrete Cutting LLC,Concrete contractor,"South Windsor, CT",(860) 528-7395,,
Atlas Concrete Products Inc,Construction company,"New Britain, CT · In ReCONNstruction Center",(860) 224-2244,http://atlasconcrete.com/,atlasconcrete7@gmail.com
Manchester Concrete Co,Concrete contractor,"Manchester, CT",(860) 831-4172,,
S & S Concrete,Concrete contractor,"Cromwell, CT",(860) 250-2315,,
Capitol Masonry Company LLC,Masonry contractor,"Hartford, CT",(860) 493-0650,http://capitalmasonrycompany.com/,
Pinnacle Concrete Solutions,Concrete contractor,"Berlin, CT",(860) 785-8668,https://pinnacleconcretesolutions.com/,
Oldcastle Infrastructure,Concrete product supplier,"Avon, CT",(860) 673-3291,https://locator.oldcastleinfrastructure.com/ct/avon/oldcastle-5.html,
ICF Building Co LLC,Construction company,"West Hartford, CT",(860) 523-1222,http://www.icfbuildingcompany.com/,icfbuilding@sbcglobal.net
Suzio L Concrete Co Inc,Ready mix concrete supplier,"Cromwell, CT",(860) 346-6669,,
Concrete Contractors Manchester CT,Concrete contractor,"West Hartford, Connecticut",(860) 718-4622,https://www.concretecontractorsmanchesterct.com/,
Ouellette Masonry LLC,Masonry contractor,"Hartford, CT",(860) 335-0273,,
CT Concrete Leveling,Concrete contractor,"West Hartford, Connecticut",(203) 806-9472,https://ctconcreteleveling.com/,
"Nadeau Brothers Foundation, LLC",Concrete contractor,"Berlin, CT",(860) 828-3512,http://www.nadeaubrothersfoundation.com/,
Jenco Construction Co LLC,Concrete contractor,"Bloomfield, CT",(860) 243-1058,https://jencoconstructionct.com/,jenco.const@yahoo.com
Mobile Mix Concrete,Ready mix concrete supplier,"Manchester, CT",(860) 646-7687,http://www.mobilemixconcrete.net/,Info@mobilemixconcrete.net
Lanza Waterproofing and concrete,Concrete contractor,10+ years in business,(860) 223-1078,https://lanza-waterproofing-and-concrete.business.site/,
O&G Stamford Concrete Plant,Concrete contractor,"Stamford, CT · In O&G Stamford Recycling Center",(203) 965-0417,http://www.ogind.com/concrete,contactus@ogind.com
RMC/Romi Masonry Construction LLC,Concrete contractor,20+ years in business,(203) 982-8518,https://rmcmasons.com/,romi@rmcmasons.com
RL Construction,Concrete contractor,"Fairfield, Connecticut",(203) 667-1794,https://rlconstruction.net/,?subject=Check out RL Construction%2C LLC&body=I thought you%27d be interested in this site%3A%0Ahttp%3A%2F%2Frlconstruction.net%2F
New England Custom Concrete and Masonry Co.,Concrete contractor,"Shelton, CT",(203) 924-2142,,
The Stamford Concrete Company,Concrete contractor,20+ years in business,(203) 409-1716,http://thestamfordconcretecompany.com/,
Oly Mattera Construction,Concrete contractor,10+ years in business,(203) 856-9074,http://olymatteraconstruction.com/,
American Mobile Concrete,Ready mix concrete supplier,"Stamford, CT",(914) 727-2690,http://www.americanmobileconcrete.com/,Rob@AMobileConcrete.com
Fahan Paving LLC,Concrete contractor,"West Redding, CT",(203) 938-3735,,
Metrocrete,Concrete contractor,"Wilton, CT",(203) 762-1366,https://metrocrete.com/,
Pink's Concrete Design,Concrete contractor,"Norwalk, CT",(475) 897-3137,http://www.pinksconcretedesignct.com/,
Colossale Siteworks,Excavating contractor,"Berlin, CT",(860) 223-3179,http://colossalesiteworks.com/,
Doublewal Inc,Concrete contractor,"Plainville, CT",(860) 747-3412,http://www.doublewal.com/,
RPCreteman,Concrete contractor,"New Britain, Connecticut",(860) 329-7625,https://rpcreteman.business.site/?utm_source=gmb&utm_medium=referral,
Rossitto & Sons LLC,Concrete contractor,10+ years in business,(860) 818-6505,https://www.rossittoandsons.com/,RossittoAndSons@gmail.com
Baci Masonry,Concrete contractor,"Plainville, CT",(203) 982-2054,http://www.bacimasonry.com/,
Antoni & Sons LLC,Masonry contractor,"New Britain, CT",(860) 707-4485,http://antonisonllc.com/,
"Eric Harrison and Son's Concrete Restoration, LLC",Concrete contractor,7+ years in business,(860) 906-6609,http://facebook.com/ConcreteRestorationLLC,
Manafort Brothers Incorporated,Concrete contractor,"Plainville, CT",(860) 229-4853,http://www.manafort.com/,
Saraceno Concrete,Concrete contractor,"Middletown, CT",(860) 343-0523,,
Tilcon Connecticut | New Britain,Asphalt mixing plant,"New Britain, CT",(860) 224-6010,http://www.tilconct.com/,
Rosendale Natural Cement Products®,Cement manufacturer,"Plainville, CT",(860) 747-2220,http://rosendalecement.net/,
Anthonys Masonry & Concrete,Concrete contractor,"Meriden, CT",(203) 599-0633,,
"GM Masonry, LLC",Contractor,"Newington, CT",(860) 665-0211,http://www.gmmasonryconstruction.com/,
Aceves Concrete LLC,General contractor,"Meriden, CT",(203) 800-1629,https://aceves-concrete-llc.negocio.site/?utm_source=gmb&utm_medium=referralhttps://aceves-concrete-llc.negocio.site/acevesconcrete.com,
Concrete Construction by Nicholas J Murano LLC,Concrete contractor,"Yalesville, CT",(203) 537-0624,,
A & A Concrete Inc,Concrete contractor,"Middlefield, CT",(860) 349-0116,,
MJD Paving and Masonry Inc,Paving contractor,30+ years in business,(203) 390-1059,https://www.mjdpavingct.com/,
"United Concrete Products, Inc.",Construction company,"Wallingford, CT",(203) 269-3119,http://www.unitedconcrete.com/,
Mongillo Foundations LLC,Concrete contractor,"Southington, CT",(860) 609-5051,,
"Advance Concrete Form, Inc.",Concrete contractor,"Meriden, Connecticut",,,
SJM Concrete Pumping,Concrete contractor,"Meriden, Connecticut",(860) 349-3825,https://sjmconcretepumping.com/,?subject=Check out SJM Concrete Pumping&body=I thought you%27d be interested in this site%3A%0Ahttp%3A%2F%2Fsjmconcretepumping.com%2F
United Concrete Plant 3,Concrete contractor,"Durham, CT",(860) 349-2214,,
J K Foundations,Concrete contractor,"Southington, CT",(860) 628-2580,,
Northeast Asphalt Maintenance,Paving contractor,"Wallingford, CT",(203) 294-9473,,
Laredo Concrete Work LLC,Concrete contractor,"Meriden, CT",(203) 639-4780,,
JUGGS PAVING AND MASONRY INC,Paving contractor,"Wallingford, CT · In The UPS Store",(203) 706-5600,http://www.juggspavingandmasonry.com/,
A and A Masonry Co. - Stamped Concrete Patios - Walkways - Retaining Walls - Stone Veneers,Concrete contractor,"Middlefield, CT",(860) 462-6489,http://aamasonryct.com/,aamasonryct@gmail.com
ModaCrete,Concrete contractor,"Middletown, CT · In Galleria Design Center | Middletown CT",(860) 343-7005,,
Leo Valiquette Concrete Floors,Flooring store,"Meriden, CT",(203) 238-3742,,
J J Concrete Floors Inc,Concrete contractor,"Wallingford, CT",(203) 949-0229,,
Custom Concrete Solutions,Concrete contractor,"Middletown, CT",(860) 416-7645,http://www.customconcretesolutionsct.com/,
Garcia & Jara LLC,Concrete contractor,"Durham, CT",(860) 349-0393,http://www.gjconcrete.com/,
"CJC Construction & Landscaping, LLC",Concrete contractor,"Meriden, CT",(959) 888-1958,http://www.proudyard.com/,
Meriden Epoxy flooring,Flooring contractor,"Meriden, CT",(475) 500-7100,http://meridenepoxyflooring.com/,
Raczka Concrete LLC,Concrete contractor,"Middletown, CT",(860) 398-8830,,
Premier Contractors,Concrete contractor,7+ years in business,(860) 982-7283,http://www.premierct.net/,
Gil St Onge Concrete,Concrete contractor,7+ years in business,(860) 620-2098,,
Novicelli Construction Inc,Construction company,"Meriden, CT",(203) 237-5572,,
Concrete Renovations Inc,Concrete contractor,"Middletown, CT · In Centerpoint Properties",(413) 998-3174,http://www.concreterenovationsinc.com/,sales@concreterenovationsinc.com?Subject=CRI%20Website%20Contact
"Highrise Concrete Pumping, LLC",Concrete contractor,7+ years in business,(860) 302-4636,,
"Martin Laviero Contractor, Inc.",Concrete contractor,"Bristol, CT",(860) 589-7579,https://martinlaviero.com/,
Sino's Masonry,Masonry contractor,"Bristol, CT",(475) 439-6987,,
Schultz Corporation,Concrete contractor,"Terryville, CT",(860) 584-2596,,
La Fleur's Sand & Stone LLC,Concrete contractor,"Bristol, CT",(860) 982-5507,,
O'Donnell Bros,Roofing contractor,"Bristol, CT",(860) 589-5155,http://www.odonnellbros.com/,info@odonnellbros.com
Mongillo Foundation Co,Concrete contractor,"Plainville, CT",(860) 793-8394,,
Mick Jensen Masonry,Masonry contractor,"Bristol, CT",(203) 982-0892,http://ctstonemasonry.com/,micktmason@msn.com
Eagle King Construction LLC,Masonry contractor,"Bristol, Connecticut",(203) 805-3807,http://eaglekingconstruction.com/,Eaglekingconstructionllc@gmail.com
Guri Masonry,Masonry contractor,"Bristol, Connecticut",(203) 243-4042,https://gurimasonry.com/,
Asphalt Advanced Services,Paving contractor,"Bristol, CT",(860) 553-4515,,
Tiso & Tiso Foundations LLC,Concrete contractor,"Wolcott, CT",(203) 879-4757,https://www.facebook.com/TisoTisoFoundations,
Bristol Public Works Department,Concrete contractor,"Bristol, CT · In Bristol City Hall",(860) 584-6125,https://www.bristolct.gov/publicworks,
Alex Renovation and Masonry LLC,Construction company,"Terryville, CT",(860) 690-7472,https://alex-renovation-and-masonry-llc.business.site/?utm_source=gmb&utm_medium=referral,
Advanced Concrete Products,Ready mix concrete supplier,"North Haven, CT, United States",+1 203-234-7500,,
EC Perfect Concrete,Real Estate Builders & Construction Company,"North Haven, CT, United States",+1 203-907-6923,,
ABCO Concrete Cutting,Concrete contractor,"Hamden, CT, United States",+1 717-576-4018,https://abcoconcretecutting.com/,thomas@abcoconcretecutting.com
Concrete Coring Co,Concrete contractor,"North Haven, CT, United States",+1 203-287-8400,,
Mt Carmel Paving & Concrete,Paving contractor,"Hamden, CT, United States",,,
Haco Concrete & Construction Contractors CT,Concrete contractor,"New Haven, CT, United States",+1 860-357-7151,https://www.hacoconcreteconstruction.com/,info@hancoconcrete.com
G & G Concrete Corporation,Concrete contractor,"New Haven, CT, United States",+1 203-773-0036,,
"JLS Paving, LLC",Paving contractor,"Hamden, CT, United States",+1 203-891-7216,http://www.jlspavingllc.com/,
Rivera Concrete & Landscaping LLC,Real Estate Builders & Construction Company,"New Haven, CT, United States",+1 203-887-8462,https://rivera-concrete-landscaping-llc.business.site/?utm_source=gmb&utm_medium=referral,
"White Owl Construction, LLC | Concrete Sidewalk / Concrete Driveways / Stamped Concrete and Pavers",Concrete contractor,"New Haven, CT, United States · In Greater New Haven Business and Professional Association Inc.",+1 203-745-1359,http://www.whiteowlconstructionllc.com/,hollywod@comcast.net
Synergy Concrete East Haven,Concrete contractor,"East Haven, CT",(203) 439-4308,,
Mendoza Paving & Concrete LLC.,Concrete contractor,15+ years in business,(203) 850-2662,http://mendozapavingct.com/,?subject=Check out Mendoza Paving And Concrete LLC&body=I thought you%27d be interested in this site%3A%0Ahttp%3A%2F%2Fmendozapavingct.com%2F
"Kimberly Paving Contractors, Llc",Paving contractor,"Hamden, CT",(203) 248-2787,,
Jason Robert's Services- Epoxy Floors | Concrete Polishing,Flooring contractor,"Hamden, CT",(203) 951-5606,http://www.jasonrobertsservices.com/,
V & F Paving LLC,Paving contractor,"Hamden, CT",(203) 624-2449,http://www.vfpaving.com/,vfpavingct@yahoo.com
New Haven Concrete Contractors,Concrete contractor,3+ years in business,(203) 409-8412,,
Tilcon Connecticut | North Branford,Ready mix concrete supplier,"North Branford, CT",(203) 484-2881,,
Greencrete LLC,Concrete contractor,"Branford, CT",(203) 481-6125,http://www.greencretellc.com/,greencrete@att.net
Concrete Connections Inc,Ready mix concrete supplier,"Branford, CT",(203) 483-6360,http://concretects.com/,
"Howard Paving Co., Inc.",Paving contractor,"Hamden, CT",(203) 281-1494,http://www.howardpaving.com/,paul.howardpaving@gmail.com?Subject=Request an Estimate
Connecticut Masonry LLC,Concrete contractor,3+ years in business,(203) 404-5087,http://www.connecticut-masonry.com/,
Riccio Construction,Concrete contractor,"Branford, CT",(203) 415-2008,https://riccioconstructioninc.com/,riccioconstructioninc@comcast.net
Hamden Paving,Paving contractor,"Hamden, CT",(203) 288-5185,http://www.hamdenpaving.com/,
"Mendoza Paving and Concrete, LLC",Concrete contractor,"Hamden, Connecticut",(203) 850-2662,http://mendozapavingct.com/,?subject=Check out Mendoza Paving And Concrete LLC&body=I thought you%27d be interested in this site%3A%0Ahttp%3A%2F%2Fmendozapavingct.com%2F
WE Witch Equipment Concrete Cutting Specialists,Construction company,"New Haven, CT",,,
Rapido Landscaping and Tree removal,Paving contractor,"Hamden, CT",(203) 430-9568,https://www.hamdencontractors.com/,
Sound Concrete Solutions,Concrete contractor,"Branford, CT",(203) 430-5506,http://www.soundconcretesolutions.com/,
Lozano General Contractor,Concrete contractor,"West Haven, CT",(203) 506-6870,http://klmconcreteco.com/,info@klmconcreteco.com
Doss Foundations,Concrete contractor,"West Haven, CT",(203) 389-9939,,
CTM CONTRACTORS & STRUCTURAL RESTORATION,Concrete contractor,"West Haven, CT",(203) 404-5087,http://www.connecticut-masonry.com/,
Lafarge North America,Ready mix concrete supplier,"New Haven, CT · In Gateway Terminal",(203) 468-6068,http://www.lafarge-na.com/,
M & M Mason & Construction,Concrete contractor,"West Haven, CT",(203) 361-0445,,
"LGE Services, LLC",Concrete contractor,"West Haven, CT",(203) 795-5052,https://lgeservices.com/,lgeservices@gmail.com
G&L Sealcoating and masonry,Asphalt contractor,"West Haven, CT",(203) 500-4705,,
Edo Construction Co,Concrete contractor,"Milford, CT",(203) 874-1228,,
M P Q CONSTRUCTION,Construction company,"West Haven, CT",(203) 994-9076,https://mpqconstruction.com/,
Elegant Concrete Polishing Inc.,Flooring contractor,"New Haven, CT",(866) 447-6677,http://www.elegantpolishing.com/,
City Point Construction Co,Excavating contractor,"West Haven, CT",(203) 933-7351,,
L&C concrete solution,Building firm,"Milford, CT",(203) 446-7558,,
F V Zanetti Inc,Concrete contractor,"West Haven, CT",(203) 934-2718,,
Crosby's Northeast Foundation,Concrete contractor,7+ years in business,(203) 481-0299,,
Rens Do It All LLC,Concrete contractor,"West Haven, Connecticut",(914) 989-0008,https://instagram.com/rensdoitall9?r=nametag,
Turcotte Masonry,Concrete contractor,"West Haven, Connecticut",(203) 937-0787,http://turcottemasonry-alternate.com/,?subject=Check out Turcotte Masonry&body=I thought you%27d be interested in this site%3A%0Ahttp%3A%2F%2Fturcottemasonry-alternate.com%2F
Laydon Industries LLC,Concrete contractor,"New Haven, CT",(203) 562-7283,http://www.laydonindustries.com/,
"Rivera's Asphalt Paving Contractors, LLC",Contractor,"Stratford, Connecticut",(203) 690-7791,,
Burns Construction Company,Paving contractor,300 Sperry Ave,(203) 375-1383,https://www.burnsconstruction.com/,info@burnsconstruction.com
Jagi Construction Inc.,General contractor,147 Freeman Ave,(917) 244-4157,http://www.jagi-construction.com/,info@jagi-construction.com
Radonseal Concrete Sealer,Concrete contractor,"Shelton, CT",(203) 225-0366,https://www.radonseal.com/radonseal-mitigation.htm,sales@radonseal.com
CMK Coatings Corp,Flooring contractor,225 Masarik Ave,(203) 375-1110,http://www.cmkcoatings.com/,
Driveway Sealing Call Frank,Concrete contractor,10+ years in business,(203) 378-0080,https://www.drivewaysealingcallfrank.com/,frank@drivewaysealingcallfrank.com
Selden Concrete Corp.,Concrete contractor,"Selden, NY",(631) 730-0039,https://seldenconcretecorp.business.site/?utm_source=gmb&utm_medium=referral,
RC Floor Refinishing Company,Concrete contractor,"Stratford, Connecticut",(203) 244-8800,,
AAron's Land Landscaping LLC,Landscaper,194 Klondike St,(203) 383-0803,https://aarons-land-llc.business.site/?utm_source=gmb&utm_medium=referral,
Guillen's construction LLC,Concrete contractor,"Middletown, Connecticut",(860) 719-8140,https://www.guillenconstructionct.com/,luisguillen49@yahoo.com
Garofalo & Saraceno,Concrete contractor,"Middletown, CT",(860) 343-0523,,
American Concrete Pumping Co,Concrete contractor,10+ years in business,(860) 342-4405,,
National Volumetric Mixer Association,Ready mix concrete supplier,"Middletown, CT",(860) 346-9373,http://www.nationalvolumetricmixer.com/,our_site@nationalvolumetricmixer.com
Middlesex Corporation,Concrete contractor,"Portland, CT",(860) 342-0766,,
Superior Concrete Products,Concrete contractor,"Portland, CT",(860) 342-0186,https://ctconcreteproducts.com/contact-us,
Rosa Construction & Paving Co.,Paving contractor,"Middletown, CT",(203) 415-8977,http://rosapaving.com/,
DiamondKote Concrete Resurfacing and Epoxy Flooring,Concrete contractor,20+ years in business,(860) 798-3745,http://www.diamondkote.net/,michael@diamondkote.net
Precision Paving & Seal Coat,Paving contractor,"Middletown, CT · In Washington Bldg",(860) 788-6295,http://www.precisionpavingct.com/,precisionpavingct@yahoo.com
Bordonaro Brothers Masonry,Construction company,"Portland, CT",(860) 342-0941,,
Gargiulo Construction,Concrete contractor,"Durham, CT",(860) 349-6370,http://gargiuloconstructionct.com/,
Capasso Enterprises Inc.,Masonry contractor,"Middletown, CT",(860) 638-1111,http://www.capassoenterprises.com/,estimating@capassoenterprises.com?subject=Message from Capasso Enterprises Website
Gary J Albanese & Sons Inc,Paving contractor,"Middletown, CT",(860) 346-8859,https://www.facebook.com/AlbanesePaving,
CV Paving,Paving contractor,7+ years in business,(860) 349-0157,,
"MasonicPro Construction, LLC",Concrete contractor,10+ years in business,(860) 856-3397,,
CeramiKrete,Concrete product supplier,"Middletown, CT",(860) 798-3745,,
"A.F.L. Construction, LLC",General contractor,"Middletown, CT",(860) 969-0214,,
"AMT Enterprises, LLC",Contractor,"Middletown, CT",(860) 571-8743,https://diamondkote.net/,michael@diamondkote.net
M H Concrete,Concrete contractor,"Glastonbury, CT",(860) 657-0325,,
medina's stone work,Masonry contractor,"Wallingford, CT, United States",+1 203-935-1802,http://www.medinasstonework.com/,Usa.ecua198888@gmail.com
Epic Masonry,Masonry contractor,"Wallingford, CT, United States",+1 203-294-1268,http://epicmasonry.com/,
Doublewal,Contractor,"Wallingford, CT · In United Concrete Products, Inc.",(203) 269-3119,http://doublewal.com/,
"Snow Plowing By ICEFIGHTERS Nicholas J Murano LLC, Concrete Work, Landscape,",Snow removal service,"Wallingford, CT",(203) 294-9889,http://www.icefighters.org/,
Wettemann Brothers Concrete,Concrete contractor,"Madison, CT · In North Madison Shopping Center",(203) 457-9762,,
"Harrison Concrete LLC - Concrete Service, Concrete Work Company , Concrete Driveways in Norwich CT",Concrete contractor,35+ years in business,(860) 608-6006,https://harrisonconcretellc.com/,
Michalski Concrete LLC,Concrete contractor,"Norwich, CT",(860) 303-3132,http://www.michalskiconcretellc.com/,michalskiconcrete@hotmail.com
Tilcon Connecticut | Norwich,Ready mix concrete supplier,"Norwich, CT",(860) 889-8464,,
McKinney Mobile Mix,Ready mix concrete supplier,"North Franklin, CT",(860) 848-6657,,
G & G Paving,Paving contractor,"Norwich, CT",(860) 961-1335,,
A & B Excavating,Concrete contractor,"Uncasville, CT",(860) 848-7299,,
Steps & Stones LLC,Concrete contractor,"Preston, CT",(860) 639-3771,https://stepsandstones.business.site/?utm_source=gmb&utm_medium=referral,
Rutra's Concrete,Concrete contractor,"Norwich, Connecticut",(860) 949-5044,http://www.rutrasconcretellc.com/,
Mastercraft Fence-Construction,Concrete contractor,"Taftville, CT",(860) 886-0111,,
Artisticrete Design LLC,Concrete contractor,"Ledyard, CT",(860) 464-9907,http://artisticretedesigns.com/,
Sturdy Concrete,Concrete contractor,"Ledyard, CT",(860) 464-9381,,
GS Flatwork LLC,Concrete contractor,10+ years in business,(860) 859-3876,http://www.gsflatwork.com/,trish@gsflatwork.com
All Star Concrete Services LLC,Concrete contractor,"Waterford, CT",(860) 535-0779,http://www.nationalshoring.com/,
A & B Excavation and Concrete,Excavating contractor,"Uncasville, CT",(860) 608-9179,https://abconcreteconstruction.com/,
Costello landscape,Concrete contractor,"Norwich, Connecticut",(860) 917-9340,https://costello-landscape.business.site/?utm_source=gmb&utm_medium=referral,
James Benjamin & Company,Concrete contractor,7+ years in business,(860) 822-9255,,
Concrete Express,Concrete contractor,"Salem, CT",(860) 859-2312,http://www.concrete-express.com/,
Coley and sons llc.,Concrete contractor,"Norwich, CT",(860) 889-6462,,
Maiolo Masonry & Concrete LLC,Masonry contractor,"Quaker Hill, CT",(860) 885-6085,,
Builder’s Concrete East,Concrete contractor,"North Windham, CT",(860) 456-4111,http://bceast.com/,hhopkins@bce-wm.com
Aiudi Concrete Inc,Ready mix concrete supplier,"Oakdale, CT",(860) 848-3000,,
Southeast Concrete,Concrete contractor,"New London, CT",(860) 984-3697,,
VarsenScapes llc,Landscaper,"Norwich, CT",,https://www.varsenscapes.com/,
Creative Concrete Cultured,Concrete contractor,"Norwich, CT",(860) 234-2437,,
R M Construction,Concrete contractor,"Griswold, CT",(860) 334-0247,https://www.facebook.com/RichMackinConstruction,
Tilcon Connecticut | Groton,Ready mix concrete supplier,"Groton, CT",(860) 445-2457,http://www.tilconct.com/,
Kobyluck Sand & Gravel Inc,Excavating contractor,"Waterford, CT",(860) 444-9600,https://www.kobyluckinc.com/,
Concrete Slabs By Drab,Concrete contractor,"Groton, CT",(860) 445-1919,,
"Signature Stamped Concrete, LLC",Concrete contractor,"Waterford, CT",(860) 912-5164,https://www.signaturestampedconcrete.com/,
"Pontes Construction, LLC.",Concrete contractor,"North Windham, CT",(860) 760-1990,http://www.pontesconstruction.com/,pontesconstruction@gmail.com
TKO Concrete,Construction company,"Niantic, CT",(860) 912-9963,http://tkoconcretect.com/contact/,
Todays Construction,Concrete contractor,"Norwich, CT",(860) 822-9999,,
John R Morgan Inc,Concrete contractor,"Lisbon, CT",(860) 213-1517,,
J C Concrete Llc,Concrete contractor,"Columbia, CT",(860) 299-6930,,
Jolley Concrete INC,Ready mix concrete supplier,"Danielson, CT",(860) 774-5000,http://jolleyconcrete.net/,
KB Concreations,Concrete contractor,"Moosup, CT",(860) 319-9824,,
Concrete Floors Co LLC,Concrete contractor,"Plainfield, CT",(860) 230-2223,http://concretefloorscompany.com/,concretefloors@sbcglobal.net
Peter S Turello LLC,Concrete contractor,"New London, CT",(860) 443-6475,https://www.turello.com/,
Concrete Products of Ct,Concrete contractor,"North Windham, CT",(860) 423-4144,http://www.concreteproductsinc.com/,info@concreteproductsinc.com
John Strafach & Sons,Concrete contractor,"Westerly, RI",(401) 596-4115,,
C A Gin Concrete,Concrete contractor,"Westerly, RI",(401) 348-9200,,
Wheaton Mobile Concrete Mixing,Concrete contractor,"Mansfield Center, CT",(860) 423-4962,,
Perfect Curb,Concrete contractor,7+ years in business,(860) 574-0238,https://www.perfectcurb.net/,
RI Ready Mix Inc,Concrete contractor,"Wyoming, RI · In Richmond Sand & Stone, LLC",(401) 539-8222,https://rhodeislandreadymix.com/,
Advanced Surfaces Inc,Cement manufacturer,"Waterford, CT",(860) 442-2221,https://dgarfield.com/,
Livingstone Concrete Studio,Countertop contractor,"North Stonington, CT · In Stonington Steel LLC",(401) 475-1145,http://www.livingstoneconcrete.com/,
Quikrete,Ready mix concrete supplier,"Danielson, CT",(860) 564-3308,https://www.quikrete.com/,
Pete's Concrete Construction,Concrete contractor,"Coventry, RI",(401) 826-3014,http://www.petesconcreteri.com/,
Manfredi Hardscapes LLC,Concrete contractor,"Westerly, RI",(401) 209-0857,,
Murphy Concrete & Construction LLC,Construction company,"Danielson, CT",(860) 315-4085,https://www.facebook.com/murphyconcretellc/,
Concrete Flatwork LLC,Concrete contractor,5+ years in business,(860) 608-5066,,
Builders Concrete Westbrook,Ready mix concrete supplier,"Westbrook, CT",(860) 399-9289,http://www.bceast.com/,hhopkins@bce-wm.com
Snow's Lawncare & Concrete,Concrete contractor,"Amston, CT",(860) 228-4223,https://www.facebook.com/Snows-Lawncare-Stamped-Concrete-814424482093887/,
Contemporary Concrete LLC,Concrete contractor,"Westbrook, CT",(860) 662-0222,,
Carr Concrete & Landscape LLC,Concrete contractor,"Westbrook, CT",,,
Barnes Concrete Co. Inc,Concrete contractor,"Putnam, CT",(860) 928-7242,http://barnesconcreteco.com/,bruce@barnesconcreteco.com
Consolidated Concrete Corporation,Ready mix concrete supplier,"Coventry, RI",(401) 828-4700,http://www.flofill.com/,
BPJ Concrete LLC,Concrete contractor,"Norwich, Connecticut",(860) 933-2723,https://bpj-concrete-llc.business.site/?utm_source=gmb&utm_medium=referral,
Enfield Transit Mix,Ready mix concrete supplier,"Enfield, CT",(860) 749-0849,,
Conely Sons,Concrete contractor,"Enfield, CT",(860) 745-2016,,
"Paul Morin Construction, Inc.",Concrete contractor,3+ years in business,,,
Concrete Edge LLC,Concrete contractor,"Somers, CT",(860) 877-0140,,
Derek & Sons Construction,Concrete contractor,"Broad Brook, CT",(860) 623-2248,https://www.derekandsons.com/,
Mike & Rich the Concrete Kings,Concrete contractor,"Agawam, MA",(413) 789-7918,,
Set In Concrete Inc,Concrete contractor,"East Longmeadow, MA",(413) 531-8388,,
New England Concrete Cutting,Concrete contractor,"Agawam, MA",(413) 786-8720,,
Springfield Concrete Solutions,Concrete contractor,"Springfield, MA",(413) 848-6610,http://springfieldconcretesolutions.com/contact/,info@springfieldconcretesolutions.com
Stone Image Custom Concrete,Concrete contractor,"Suffield, CT",,,
Chet Comee & Sons Contracting,Concrete contractor,"Feeding Hills, MA",(413) 789-0177,https://www.chetcomee.com/about,
Sil/Carr Corporation,Concrete contractor,"East Windsor, CT",(860) 627-7400,http://www.silcarr.com/,
spartan bobcat & concrete services inc.,Concrete contractor,"Springfield, MA",(413) 214-7983,http://www.spartanconst.com/,
Dads Concrete Services,Concrete contractor,"Springfield, MA",(413) 686-2880,http://www.dadsconcreteservices.com/,
"Chicopee Concrete Service, Inc",Ready mix concrete supplier,"Chicopee, MA",(413) 594-4700,https://chicopeeconcrete.com/,info@chicopeeconcrete.com
Northeast Property-Construction Services LLC,Concrete contractor,"Enfield, Connecticut",(860) 966-3843,https://www.facebook.com/Northeastpropertys/,
North Concrete Service,Construction company,"Feeding Hills, MA",(413) 335-8040,,
Creative Concrete,Concrete contractor,"Springfield, MA · In SilverBrick Lofts",(413) 306-4322,,
Morais Concrete Services Inc,Concrete contractor,"Springfield, MA",(413) 205-2172,http://moraisconcrete.com/,
Recycled Concrete Products of Ct,Concrete contractor,"Broad Brook, CT · In Herb Holden Trucking Inc",(860) 623-8855,https://holdeninc.com/materials/crushed-recycled-aggregate/,customerservice@holdeninc.com
Armand Roy Concrete,Concrete contractor,"Springfield, MA",(413) 788-9397,,
Construction Service,Ready mix concrete supplier,"Springfield, MA",(413) 733-6631,http://www.constructionservice-ma.com/,
Chabot Concrete & Trucking Inc,Concrete contractor,"Hampden, MA",(413) 566-8320,,
PGS Concrete Designs LLC,Concrete contractor,"Stafford Springs, CT",(860) 870-7200,,
Eddington Elite Concrete,Concrete contractor,20+ years in business,(413) 652-7291,,
American Concrete & Asphalt,Concrete contractor,"Monson, MA",(413) 267-3350,,
Masters Concrete,Concrete contractor,"West Springfield, MA",(413) 246-4538,,
"3J Concrete of Springfield, Mass",Concrete contractor,"Springfield, MA",(678) 572-3409,https://3j-concrete-of-springfield-mass.business.site/,
A ROC Concrete,Construction company,"West Suffield, CT",(413) 455-4208,,
Springfield Concrete Foundation & Excavation Co.,Concrete contractor,"Springfield, MA",(413) 298-6660,,
Concrete Anytime LLC,Ready mix concrete supplier,"East Granby, CT",(860) 844-0202,,
Stamped Concrete,Construction company,"Springfield, MA",(413) 324-5220,,
Pioneer Valley Concrete Services,Concrete contractor,"Chicopee, MA",(413) 534-8171,https://www.facebook.com/pages/Pioneer-Valley-Concrete-Service-Inc/169081619776834?ref=hl,
"Spartan Bobcat & Concrete Services, Inc.",Concrete contractor,"Wilbraham, MA",(413) 214-7983,http://spartanconst.com/,
Cretecrew Concrete Services,Concrete contractor,3+ years in business,(413) 300-2250,,
Procrete Construction,Concrete contractor,"West Suffield, CT",(860) 668-9788,,
Witch Enterprises Inc,Excavating contractor,"Agawam, MA",(413) 786-7314,https://www.witchenterprises.com/,jobs@witchenterprises.com
Tilcon Connecticut | East Granby,Ready mix concrete supplier,"East Granby, CT",(860) 844-7000,http://www.tilconct.com/,
A J's Concrete Services,Concrete contractor,"Ludlow, MA",(413) 583-3379,,
Brett's Core Drilling,Drilling contractor,5+ years in business,(860) 810-2043,,
Ken Villemaire Concrete Coatings,Concrete contractor,3+ years in business,(413) 240-8218,,
Boyle & Son Concrete,Concrete contractor,3+ years in business,(413) 527-5108,https://www.boyleandsonconcrete.com/,Boyleandsonconcrete@gmail.com
Big Stan Concrete,Concrete contractor,"Enfield, Connecticut",(888) 244-7826,http://bigstanconcrete.com/,
Best Decorative Concrete,Concrete contractor,"Springfield, MA",(413) 686-2880,,
Custom Concrete GPI,Concrete contractor,"Wilbraham, MA",(413) 596-9000,,
K P Royal Construction Corporation.,General contractor,"Enfield, CT",(860) 306-5943,,
Crystal Brook Concrete Concepts,Concrete contractor,10+ years in business,(413) 596-0055,http://www.crystalbrooklandscape.com/,office@crystalbrooklandscape.com
Dispatch Plant,Ready mix concrete supplier,"Chicopee, MA",(413) 594-4700,,
Lehigh Cement,Concrete contractor,"Palmer, MA · In Mapletree Industrial Center",(800) 437-7762,https://www.lehighhanson.com/?utm_source=G&utm_medium=lpm&utm_campaign=lehigh,
CCAA Construction LLC,Concrete contractor,"Enfield, Connecticut",(860) 869-4693,https://ccaaconstruction.com/,?subject=Check out CCAA Construction LLC&body=I thought you%27d be interested in this site%3A%0Ahttp%3A%2F%2Fccaaconstruction.com%2F
Western Mass Concrete Services,Concrete contractor,"South Hadley, MA",(413) 536-7200,,
Baker Mason Contractors Inc,Concrete contractor,10+ years in business,(413) 599-0015,https://bakermasoncontractor.com/,
MJA Construction,Concrete contractor,7+ years in business,(203) 278-7310,,
A & A Brothers,Concrete contractor,"Shelton, CT",(203) 929-1293,,
Marren Brothers Construction,Construction company,"Milford, CT",(203) 878-5803,,
Creative Concrete Coatings LLC.,Floor refinishing service,3+ years in business,(203) 876-6300,,
Three Guys Masonry,Masonry contractor,"Shelton, CT",(203) 924-2494,https://www.threeguysmasonry.com/,info@threeguysmasonry.com
Pal Construction Services LLC,Asphalt contractor,"Shelton, CT",(203) 993-7972,,
BEST Masonry CT,Masonry contractor,"Ansonia, CT",(203) 727-9561,https://bestmasonry-ct.com/,info@bestmasonry-ct.com?subject=Request from Best Masonry Website
"Novion, Inc.",Paving contractor,"Shelton, CT",(203) 225-0367,https://www.radonseal.com/category/ce-novion.html,sales@radonseal.com
"Connecticut Hardscape, L.L.C.",Masonry contractor,"Ansonia, CT",(203) 654-9203,https://www.cthardscape.com/,
Craftsman Stone & Masonry,Masonry contractor,"Seymour, CT, United States",+1 203-954-7741,https://ctmason.pro/,
Elton's Masonry,Masonry contractor,"Shelton, Connecticut",(203) 892-8972,https://www.eltonsmasonryllc.com/,
Pepe F Construction,Excavating contractor,"Derby, CT",(203) 735-1107,,
"Five Star Products, Inc.",Manufacturer,2 Enterprise Dr Suite 303,(203) 336-7900,http://www.fivestarproducts.com/,
Reci Masonry,Masonry contractor,"Shelton, Connecticut",(203) 954-8659,,
Ln masonry and chimney services,Masonry contractor,202 Buddington Rd,(203) 953-5683,https://www.lnmasonry123ct.com/,luiz.nascimento123@icloud.com
"Stone Harbour Construction, LLC",Concrete contractor,In The One Atlantic,(203) 674-1072,https://stoneharbourconstruction.com/,info@stoneharbourconstruction.com
Stone-Age Concrete & Paving,Masonry contractor,"Stamford, Connecticut",(203) 323-4996,http://www.stoneagecontractors.com/,
Fredi's Masonry,Masonry contractor,1010 Summer St Suite 202,(203) 906-9899,https://www.fredismasonry.com/,
Stamford Masonry,Masonry contractor,"Stamford, Connecticut",(203) 989-3253,https://www.masonrystamford.com/,?body=https%3A%2F%2Fmasonrystamford.com%2F
Merit Construction,Masonry contractor,5+ years in business,(203) 912-4721,,
"Stamford Core Drilling, LLC",Concrete contractor,3+ years in business,(203) 561-1154,https://stamfordcoredrilling.business.site/?m=true,
Cummings Construction Services LLC,Paving contractor,"Stamford, Connecticut",(203) 348-7239,http://cummingsconstructionservices.com/,
Kalman Floor Company,Concrete contractor,1177 High Ridge Rd · In AMERICAN BUSINESS CENTERS,(203) 321-2156,http://www.kalmanfloor.com/,
Accumark,Concrete contractor,347 Courtland Ave,(203) 359-1991,http://www.accumarkllc.com/,
Grasso Companies,Concrete contractor,"Stamford, Connecticut",(203) 838-0123,https://www.grassoconstruction.com/,info@grassoconstruction.com
JL Construction Group LLC,Concrete contractor,47 Uncas Rd,(203) 658-6744,https://jlconstructiongroupllc.com/,
JCM Services Inc,Excavating contractor,311 Greenwich Ave,(203) 532-0037,http://jcmservicesinc.com/,
Cavaliere Industries Inc,Excavating contractor,226 Selleck St C,(203) 323-6018,http://www.cavaliereindustries.com/,
Byram Concrete & Supply Inc,Concrete contractor,"White Plains, NY",(914) 682-4477,https://byramconcrete.com/,byramsales@byramconcrete.com
"Colandro & Imbrogno Masonry, LLC",Masonry contractor,"Stamford, Connecticut",(203) 614-9343,http://cimasonry.com/,
Concrete Cutting Co,Concrete contractor,"Port Chester, NY",(914) 937-0800,https://www.concretecuttingcompany.com/,jane@concretecuttingcompany.com
Medrano Construction Service LLC,Contractor,"Stamford, Connecticut",(203) 252-8511,https://medranoconstructionservicellc.com/,info@medranoconstructionservicellc.com
Byram Concrete & Supply,Construction company,"White Plains, NY",(914) 682-4477,http://www.byramconcrete.com/contact-us.html,byramsales@byramconcrete.com
Westchester County Stampcrete,Concrete contractor,"White Plains, NY · In White Plains Auto Clinic",(914) 285-9274,,
Acme Sealcoat & Paving,Paving contractor,9 Halloween Blvd,(203) 968-8073,https://acmesealcoat.com/,
Roccie's Asphalt Paving,Asphalt contractor,"Stamford, Connecticut",(203) 324-0311,http://rocciesasphalt.com/,
Kilmack Stamped and architectural concrete,Concrete contractor,"White Plains, NY",(914) 803-2954,,
Concrete Repair & Install | Near Me | Locust Valley,Concrete contractor,"Locust Valley, NY",(516) 399-0733,http://concreterepairandinstall.com/NY/LOCUST_VALLEY/,
Concrete Repair & Install | Near Me,Masonry contractor,"Mill Neck, NY",(516) 447-0415,https://www.homeadvisor.com/,
O&G Stamford Asphalt Plant (Davenport St.),Paving materials supplier,70 Davenport St #3 · In O&G Stamford Recycling Center,(203) 965-0418,http://www.ogind.com/asphalt,"bradoneglia@ogind.com"""
Concrete Repair & Install | Near Me | Cold Spring Harbor,Paving contractor,"Cold Spring Harbor, NY",(516) 340-0003,http://concreterepairandinstall.com/NY/COLD_SPRING_HARBOR/,
Coppola & Sons Construction Co,Construction company,"Stamford, Connecticut",(203) 359-1625,http://coppolaandsons.com/,
"Concrete Services NY, LLC",Concrete contractor,"Glen Cove, NY",(855) 278-1000,https://concreteservicesny.com/contact/,info@concreteservicesny.com
V & A Ready Mix,Concrete contractor,"Huntington Station, NY",(631) 351-4949,,
ConcreteGo,Software company,1055 Summer St · In Pearl Dental,(203) 327-3649,http://www.concretego.com/Public/contact.aspx,
DSF Concrete Inc.,Concrete contractor,7+ years in business,(914) 804-5486,,
O&G Showroom & Mason Supply Store,Masonry supply store,40 Meadow St,(203) 323-1111,http://www.ogind.com/mason,contactus@ogind.com
Stamford Paving Pros,Paving contractor,209 Dunn Ave,(203) 884-8770,https://www.stamfordpavingpros.com/,
CCJM Construction,Concrete contractor,472 Fairfield Ave,(203) 253-9158,,
D & J Concrete Corporation,Concrete contractor,"Millwood, NY",(914) 941-6669,,
A-1 Transit Mix,Ready mix concrete supplier,"The Bronx, NY",(718) 292-3200,https://readymixconcreteny.com/,
Atlantic Mobile Concrete,Ready mix concrete supplier,"Yonkers, NY",(914) 490-3007,http://atlanticmobileconcreteny.com/,info@atlanticmobileconcreteny.com
"Macho Construction LLC - Asphalt Paving - Masonry - Norwalk, CT",Construction company,"Norwalk, CT",(475) 888-3061,https://www.machoconstructionllc.com/,
York Concrete Corporation,Concrete contractor,"Huntington Station, NY",(631) 423-0282,,
Concrete Contractors Yonkers,Concrete contractor,"Yonkers, NY · In United States Postal Service",(914) 371-3029,https://www.concretecontractorsyonkers.com/,
SSC Concrete Inc.,Construction company,3+ years in business,(914) 815-2305,https://sscconcreteinc.com/,?subject=Check out SSC Concrete Inc.&body=I thought you%27d be interested in this site%3A%0Ahttp%3A%2F%2Fsscconcreteinc.com%2F
A Concrete Creations,Concrete contractor,"Mt Vernon, NY",(914) 699-0907,,
Concrete Repair & Install Oyster Bay,Asphalt contractor,"Oyster Bay, NY",(516) 447-0452,,
"All Star Paving and Sealing, LLC",Asphalt contractor,347 Courtland Ave,(203) 327-7283,http://www.allstarpaving.com/,
"VanBaur Framing & Drywall, LLC",Dry wall contractor,"Stamford, Connecticut",(203) 890-0600,http://www.vanbaur.com/,bids@vanbaur.com
D.N.M. Associates Paving Company Stamford CT,Asphalt contractor,"Darien, CT",(203) 323-5481,http://pavinginct.com/,
All County Mobile Concrete Inc,Ready mix concrete supplier,"Yonkers, NY",(914) 423-1035,https://www.allcountymobileconcrete.com/,
"CONCRETE VENTURES, LLC",Real estate developer,"Mamaroneck, NY",(914) 632-0222,http://concreteventures.net/,info@concreteventures.net
"Coastal Creations Excavating, Grading & Drainage",Servicii de curățare a zăpezii,Deschis ⋅ Închide la 18,+1 860-716-5961,https://www.coastalcreationsct.com/,
Boiken Masonry,Masonry contractor,"Southington, CT",(203) 565-8036,https://www.boikenmasonry.com/contractorboiken,boikenmasonry@gmail.com
AQ Masonry LLC,Masonry contractor,"Southington, CT",(860) 656-4346,http://www.aqmasonryllc.com/,aqmasonryllc@gmail.com
Nick's Construction and Masonry LLC,Masonry contractor,5+ years in business,(203) 206-2839,https://nicksconstructionmasonry.com/,
K.C. Masonry & Landscping,Masonry contractor,"Plantsville, CT",(860) 378-9203,,
B & B Foundations LLC,Concrete contractor,"Southington, CT",,,
Structural,Concrete contractor,"Cheshire, CT",(203) 269-7552,https://www.structural.net/,
ConQuip Technologies,Flooring contractor,"Milldale, CT · In Superior Rental",(888) 865-3835,http://www.conquiptech.com/,webmail@superiornetwork.com
Concrete-Rx LLC,Waterproofing company,"Manchester, CT",(860) 300-9655,http://concrete-rx.com/,
Crazy Charlie’s Concrete llc,Concrete contractor,"South Windsor, CT",(860) 432-2918,https://www.crazycharlies.org/,paul@crazycharlies.org
Paving by Custom Construction,Concrete contractor,"Manchester, CT",(860) 368-8806,http://custompavesct.com/,customconstruction14@gmail.com
L &A Masonry Home Improvement LLC,Masonry contractor,"Manchester, CT",(860) 378-9843,http://www.lamasonryllc.com/,info@lamasonryllc.com
Charles Albert Zuccaro Waterproofing & Masonry,Masonry contractor,"Manchester, CT",(860) 985-1724,,
Selective Service LLC,Demolition contractor,"Manchester, CT",(860) 649-5500,,
DTConstruction,Masonry contractor,"South Windsor, CT",(774) 371-1730,http://dtconstructionct.com/,
Hathaway Landscaping LLC,Concrete contractor,"East Hartford, CT",(860) 289-2303,http://www.hathawaylandscaping.com/,
Blacktop Service-New England,Concrete contractor,"South Windsor, CT",(860) 436-4420,,
Kingdom Construction LLC,Concrete contractor,"Manchester, Connecticut",(860) 336-6582,https://www.concretecontractortollandct.com/,
Viking Masonry,Masonry contractor,"Manchester, CT",(860) 648-1559,,
Furtado Masonry,Masonry contractor,3+ years in business,(860) 373-8154,https://furtadomasonry.com/,
Rinox Pavers,Concrete contractor,"South Windsor, CT",(860) 289-1656,https://rinoxinc.com/,
Costa&Son.LLC,Construction company,"South Windsor, CT",(860) 436-9136,http://www.costaandson.com/,office@costaandson.com
ALL STAR Masonry,Masonry contractor,"Glastonbury, CT",(860) 605-3173,https://mersiniv12.wixsite.com/allstarmasonry,bebemersini@gmail.com
Dawn Enterprises Inc,Manufacturer,275 Progress Dr b,(800) 262-3296,http://www.godawn.com/,
Elite Excavation CT,Excavating contractor,"Manchester, CT",(860) 778-0925,,
H & R Design Constuction,Concrete contractor,"Manchester, CT",(860) 794-1159,http://hnrdesignconstruction.com/,
West Reach Construction Co Inc,Concrete contractor,"Bolton, CT",(860) 649-7607,http://www.westreachconstruction.com/,westreachcon@comcast.net
Andrew Ansaldi Co.,Construction company,"Manchester, CT",(860) 649-5249,http://www.ansaldiconstruction.com/,
NE CT Concrete Foundations,General contractor,"Tolland, CT",(860) 929-0677,http://www.nectfoundations.com/,
Jack Ryan Concrete,Construction company,"Harrison, NY",(646) 423-5701,,
"A&M Concrete Works, LLC",Concrete contractor,"White Plains, NY",(914) 893-1321,http://www.amconcreteworks.com/,info@amconcreteworks.com
Connery Pavers,Construction company,"Port Chester, NY",(914) 223-4420,http://connerypavers.com/,
Euro Landscape Pavers LLC,Paving contractor,"Greenwich, Connecticut",(914) 412-6862,https://pavingportchester.com/,
"CPA Construction Company, Inc.",Excavating contractor,"Port Chester, NY",(914) 937-0533,https://cpaconstructionco.business.site/,
Helmerson Contracting,Construction company,522 E Putnam Ave · In Indian Field Plaza,(203) 822-7574,,
Mr Pavers LLC,Construction company,"Greenwich, Connecticut",(914) 548-7001,https://www.mrpaversllc.com/,MRPAVERSLLC@HOTMAIL.COM
LJD Concrete Corporation,Concrete contractor,"Yonkers, NY",(914) 793-2363,,
Syn Rock Concrete | Decorative Concrete Specialists,Concrete contractor,"New Rochelle, NY",(833) 796-7625,http://synrock.com/,info@synrock.com
E & E MASONRY LLC,Masonry contractor,"Port Chester, NY",(914) 565-6983,https://e-e-masonry-llc.business.site/,
Brom Concrete,Concrete contractor,17 Reynolds Pl,(203) 681-2233,,
Leon General Services LLC,Masonry contractor,"Port Chester, NY",(914) 319-6514,https://leongeneralservices.com/,
Polished Concrete Solution,Flooring contractor,"White Plains, NY",(914) 206-1378,https://blinnert.com/Flooring-White-Plains.html,
Concetti Contracting of Connecticut,Contractor,38 B Chapel St,(203) 653-5066,http://concetticontracting.com/,info@concetticontracting.com?subject=Contact From Concetti Construction Website
SRM Concrete,Ready mix concrete supplier,"The Bronx, NY",(718) 433-4343,https://www.smyrnareadymix.com/index.asp,info@smyrnareadymix.com
Byram Mason & Building Supply,Building materials store,"Port Chester, NY",(914) 939-1700,http://www.byrammason.com/,
Northeast Concrete Pumping,Concrete contractor,"Hawthorne, NY",(914) 769-3900,,
DiAN Construction - Concrete and Structural Steel,Concrete contractor,"Chappaqua, NY",(914) 222-3644,http://www.dianconstruction.com/,fdibullo@dianconstruction.com
Franco's services LLC,Masonry contractor,"Port Chester, NY",(203) 441-2170,http://www.francoservicesllc.com/,francoservicesllc@yahoo.com
JS Concrete & Masonry LLC,Concrete contractor,"The Bronx, NY",(718) 931-6910,http://www.jsconcrete1.com/,
Shannon Side Concrete Corp,Concrete contractor,"Yonkers, NY",(914) 258-8495,https://shannonsideconcrete.com/,dhennessy@shannonsideconcrete.com
Eden Concrete Contractors NYC,Concrete contractor,"The Bronx, NY",(718) 819-7770,https://www.edenconcretecontractorsny.com/,
Concrete Express LLC,Concrete contractor,"The Bronx, NY",(718) 324-9055,http://www.concreteexpress.com/,
DSC Concrete Contractors,Concrete contractor,"The Bronx, NY",(347) 282-8848,http://concreterepairsnyc.com/,
Commercial Concrete Corporation.,Ready mix concrete supplier,"Westbury, NY",(516) 333-7422,http://commercialconcreteny.com/,
A & J Concrete Pumping,Concrete contractor,"Yonkers, NY",(914) 965-0470,,
Park Place Pavers Inc,Concrete contractor,7+ years in business,(914) 565-1601,http://www.parkplacepaver.com/,
Concrete Statues by Rich,Contractor,"White Plains, NY",(914) 672-6070,https://www.concretestatuesny.com/about-us-to-contact-us/,mason120@verizon.net
Concrete Repair & Install Glen Head,Paving contractor,"Glen Head, NY",(516) 399-0689,,
Lewis Paving Company,Concrete contractor,"East Hartford, CT",(860) 528-5204,,
"blacktop services of new englãnd, llc",Paving contractor,"East Hartford, CT",(860) 436-4420,https://blacktop-services-of-new-england-llc.business.site/?utm_source=gmb&utm_medium=referral,
Northeast Contractors Supply Llc,Building materials store,"Hartford, CT",(860) 296-1100,http://northeastcontractorssupply.com/,
Constitution State Foundation Repair Experts,Concrete product supplier,"Hartford, CT",,,
Everything Epoxy Installation LLC,Concrete contractor,"East Hartford, CT",(860) 983-6688,,
New England Gypsum Floors,Flooring contractor,"East Hartford, CT",(860) 289-4117,http://negf.com/,info@negf.com
Manchester Recycling & Materials LLC,Excavating contractor,"Hartford, CT",(860) 791-4026,https://www.manchestermaterials.com/,
Masonry Solutions LLC,Masonry contractor,"Norwalk, Connecticut",(203) 299-1833,https://www.masonrysolutionsllc.com/,
Ron's Masonry,Masonry contractor,"Norwalk, Connecticut",(203) 667-1353,,
Norwalk Masonry,Masonry contractor,"Norwalk, Connecticut",(203) 941-8753,https://www.norwalkctmasonry.com/,?body=https%3A%2F%2Fnorwalkctmasonry.com%2F
RR Paving and Masonry,Concrete contractor,"Norwalk, Connecticut",(914) 619-8002,https://rrpavingandmasonry.wixsite.com/rrpaving,
Jerry's Paving,Paving contractor,"Norwalk, Connecticut",(203) 517-6053,http://jerryspavingllc.com/,Jerrypaving@yahoo.com
Lorenzo & Son Masonry Contractors,Masonry contractor,"Norwalk, Connecticut",(203) 556-5733,https://lorenzoandson.com/,lorenzo@lorenzoandson.com
Premium Sealing Driveway & Masonry,Asphalt contractor,134 E Rocks Rd,(203) 569-9450,http://www.premiumsealing.com/,info@premiumsealing.com
S & S Masonry & Landscaping LLC,Masonry contractor,"Norwalk, Connecticut",(203) 505-1194,https://s-s-masonry-landscaping-llc.business.site/,
CM Masonry & Pools,Construction company,2 Technology Plaza · In Iglesia de Jesucristo palabra miel,(203) 515-6284,http://www.cmmasonrypools.com/,info@cmmasonrypools.com
"G&L Paving and Masonry, LLC",Paving contractor,In WEB Realty Company,(203) 956-0088,http://www.glpavingandmasonry.com/,
"RMC Masonry Construction, Inc.",Masonry contractor,20+ years in business,(203) 982-8518,https://rmcmasons.com/,romi@rmcmasons.com
F&G Construction Inc,Paving contractor,"Norwalk, Connecticut",(203) 866-1312,http://www.fandgconstructioninc.com/,ginnig@optonline.net
Riveras Paving,Paving contractor,"Norwalk, Connecticut",(203) 838-7959,https://www.riverasllc.com/,info@riverasllc.com
Stone By Ric,Masonry contractor,"Norwalk, Connecticut",(203) 216-5696,http://www.stonebyric.com/,ric@stonebyric.com
G & A Landscaping & Masonry,Landscaper,"Norwalk, Connecticut",(203) 886-4779,http://www.galandscape.com/,office@galandscape.com
HFJ Masonry & Landscaping Of Westport,General contractor,"Westport, CT",(203) 852-4201,https://hfjmasonrylandscaping.com/contact/,
"C&H Restoration LLC (Deck, Porch, Siding, Stamped Concrete, Patio, Pavers)",Concrete contractor,"Westport, CT",(203) 821-7695,https://buildourdeck.com/,
ILM CONSTRUCTION LLC,Construction company,"Norwalk, Connecticut",(203) 252-4506,http://www.ilmstonework.com/,
Mccormack Masonry & Construction,Construction company,"Westport, CT",(203) 221-0642,,
CS Unitec,Industrial equipment supplier,22 Harbor Ave,(203) 853-9522,https://www.csunitec.com/,
C & S Concrete Corporation,Concrete contractor,"Smithtown, NY",(631) 265-8570,,
Frank Sorge Mason,Masonry contractor,7+ years in business,(203) 846-3750,http://www.frankandsonmasons.com/,
Deering Construction Inc,General contractor,"Norwalk, Connecticut",(203) 855-1396,,
Pacos Landscaping LLC,General contractor,"Norwalk, Connecticut",(203) 943-5742,,
Yellow Dawg of Lower Fairfield County,Asphalt contractor,"Norwalk, Connecticut",(203) 919-4270,http://www.yellowdawgstriping.com/free-quote,
Candide Contractor LLC,Contractor,178 Connecticut Ave,(203) 604-8484,http://www.candidecontractor.com/,info@candidecontractor.com
O&G Industries Inc,Asphalt contractor,"Norwalk, Connecticut",(203) 866-2577,,
C&C Landscaping,Landscape designer,"Norwalk, Connecticut",(203) 866-7008,,
Framemakers Picture Framing,Picture frame shop,3004 Fairfield Ave,(203) 338-0332,,
Thomas Del Spina Fine Frames,Picture frame shop,67 Poland St,(203) 256-8628,,
Frame & Save,Picture frame shop,"Fairfield, CT · In Lakehill shopping centre",(203) 332-7881,,
Michaels Custom Framing,Picture frame shop,4543 Main St Unit 40,(203) 583-3700,,
Pine Street Picture Framing,Picture frame shop,"Stratford, CT",(203) 377-4169,,
New England Framing & Art,Picture frame shop,"Milford, CT",(203) 877-6136,,
Framed By Kosal,Picture frame shop,"Monroe, CT · In Chucks Corner",(203) 261-2552,,
Rockwell Framing,Picture frame shop,"Westport, CT · In Colonial Green Shopping Center",(203) 227-1800,,
Framers Edge Gallery & Frame,Picture frame shop,"Orange, CT · In Orange Shopping Center",(203) 795-4826,,
J. Pocker Custom Framing & Fine Art,Picture frame shop,"Westport, CT",(203) 222-7800,,
Picture This,Picture frame shop,"Westport, CT",(203) 227-6861,,
Frame Creations,Picture frame shop,"Shelton, CT",(203) 929-3219,,
Gateway Art & Framing,Picture frame shop,"Wilton, CT",(203) 834-0020,,
Beardsley ~ Traveling Art Framer,Picture frame shop,"Norwalk, CT",(203) 505-9186,,
Frame It Easy,Picture frame shop,"Derby, CT",(888) 983-2670,,
Yankee Plak Co,Picture frame shop,240 Alice St,(203) 367-4600,,
Michaels,Toko Pigura,Buka ⋅ Tutup pukul 21.00,+1 203-583-3700,,
Omega Framing and Art Gallery,Toko Pigura,Buka ⋅ Tutup pukul 17.30,+1 631-423-4350,,
The Frame Center,Toko Pigura,Buka ⋅ Tutup pukul 18.00,+1 631-265-7667,,
River Road Gallery,Toko Pigura,Buka ⋅ Tutup pukul 17.00,+1 203-762-3887,,
Geary Gallery,Toko Pigura,Tutup ⋅ Buka Rab pukul 09.30,+1 203-655-6633,,
Somers Custom Framing,Toko Pigura,Buka ⋅ Tutup pukul 17.00,+1 914-276-3173,,
Picture Frame -Quality Picture Framing,Toko Pigura,Buka ⋅ Tutup pukul 17.00,+1 516-501-0104,,
Middletown Framing LLC,Toko Pigura,Buka ⋅ Tutup pukul 18.00,+1 860-347-0064,,
Framing On 9th,Toko Pigura,Buka ⋅ Tutup pukul 19.00,+1 212-765-0899,,
WestArt,Toko Pigura,Buka ⋅ Tutup pukul 17.30,+1 914-747-0702,,
Mantra Framing Inc,Toko Pigura,Buka ⋅ Tutup pukul 18.00,+1 516-747-9110,,
United Mfrs Supplies,Toko Pigura,Buka ⋅ Tutup pukul 17.30,+1 800-795-1589,,
Carnegie Hill Gallery & Custom Framing Inc,Toko Pigura,Buka ⋅ Tutup pukul 19.30,+1 212-831-2224,,
Soho Picture Framing & Soho Picture Hanging,Toko Pigura,Buka ⋅ Tutup pukul 18.00,+1 212-431-5600,,
Regence Picture Framing,Toko Pigura,Buka ⋅ Tutup pukul 18.00,+1 212-828-8890,,
Center Framing & Art,Toko Pigura,Buka ⋅ Tutup pukul 17.00,+1 860-233-7804,,
Jerry's Artarama of Norwalk,Toko Pigura,Buka ⋅ Tutup pukul 19.00,+1 203-846-2279,,
Dryden Gallery & Custom Framing,Toko Pigura,Buka ⋅ Tutup pukul 18.00,+1 212-420-1690,,
Frames and Stretchers,Toko Pigura,Buka ⋅ Tutup pukul 17.00,+1 347-705-0081,,
567 Framing,Toko Pigura,Buka ⋅ Tutup pukul 18.30,+1 212-337-9993,,
Big Apple Art Gallery & Custom Framing,Toko Pigura,Buka ⋅ Tutup pukul 18.00,+1 212-570-5710,,
Art Lore Inc,Toko Pigura,Tutup sementara,+1 203-333-4441,,
Ambiance Art And Framing,Toko Pigura,Buka ⋅ Tutup pukul 18.30,+1 718-438-4664,,
"Sunflower Fine Art Galleries, Mirrors, and Picture Framing",Toko Pigura,Buka ⋅ Tutup pukul 17.00,+1 516-747-7406,,
Alexandra Tremaine Art,Seniman,Tutup ⋅ Buka Rab pukul 09.00,+1 917-624-0611,,
Palooza,Toko Perhiasan,Tutup ⋅ Buka Rab pukul 11.00,+1 203-255-3655,,
Hampton Photo Arts and Framing,Toko Pigura,Buka ⋅ Tutup pukul 17.00,,,
W&D.DRYWALL LL,Kontraktor Tembok,1566 Park Ave,+1 203-450-0674,,
"Unlimited Framing, Inc.",Kontraktor Umum,Buka ⋅ Tutup pukul 17.00,+1 631-474-4514,,
City Lights,Galeri Seni,Tutup ⋅ Buka Rab pukul 11.30,+1 203-334-7748,,
Art Framing,Toko Pigura,Tutup ⋅ Buka Rab pukul 10.00,+1 732-432-7766,,
Hobby Lobby,Toko Pigura,Buka ⋅ Tutup pukul 20.00,+1 203-874-0610,,
Visual Impact LLC,Toko Pigura,Buka ⋅ Tutup pukul 17.30,+1 203-790-9650,,
"My Framing Store, Inc.",Toko Pigura,Buka ⋅ Tutup pukul 18.00,+1 732-777-0887,,
"Perfection and Advance Drywall LLC - Drywall Installation Contractor, Drywall Covering Service, Metal Framing",Kontraktor Tembok,Buka ⋅ Tutup pukul 17.00,+1 914-755-9487,,
U & I Deco Fine Arts & Framing,Toko Pigura,Buka ⋅ Tutup pukul 18.00,+1 203-406-9746,,
Art of Framing,Toko Pigura,Buka ⋅ Tutup pukul 18.00,+1 203-658-8888,,
Colonial Framing Inc.,Toko Pigura,Buka ⋅ Tutup pukul 17.00,+1 203-869-4384,,
Riverside Art & Frame LLC,Toko Pigura,Tutup ⋅ Buka Rab pukul 09.30,+1 203-698-7428,,
J Pocker & Son,Toko Pigura,Buka ⋅ Tutup pukul 17.30,+1 203-629-0811,,
R Van Loan Custom Framing LLC,Toko Pigura,Buka ⋅ Tutup pukul 17.30,+1 203-422-2881,,
Handwright Gallery & Framing,Toko Pigura,Buka ⋅ Tutup pukul 17.30,+1 203-966-7660,,
Images,Toko Pigura,Buka ⋅ Tutup pukul 17.00,+1 203-637-4193,,
Rye Art Gallery & Framing,Toko Pigura,Buka ⋅ Tutup pukul 17.30,+1 914-967-5645,,
Gilded River Custom Framing,Toko Pigura,Buka ⋅ Tutup pukul 18.30,+1 914-348-9410,,
Washington Square Framing Center,Toko Pigura,Buka ⋅ Tutup pukul 18.00,+1 914-937-5600,,
Framing Corner,Toko Pigura,Segera tutup ⋅ Tutup pukul 16.00,+1 914-967-7709,,
Frameshop Art Services,Galeri Seni,"Greenwich, CT, Amerika Serikat",+1 203-661-2292,,
New Canaan Gallery and Frame,Galeri Seni,Buka ⋅ Tutup pukul 16.30,+1 203-966-8483,,
Bedford Village Frame Shop,Toko Pigura,Buka ⋅ Tutup pukul 17.30,+1 914-234-4811,,
Framings,Toko Pigura,Buka ⋅ Tutup pukul 17.30,+1 914-273-4242,,
Mount Kisco Frame Shop,Toko Pigura,Tutup ⋅ Buka Rab pukul 09.00,+1 914-666-3344,,
Big Shots,Toko Pigura,Buka ⋅ Tutup pukul 17.00,+1 203-656-3338,,
Masterpiece,Toko Pigura,Buka ⋅ Tutup pukul 19.00,+1 914-835-6686,,
Ariel Custom Framing & Fine Art,Jasa fotografi,Buka ⋅ Tutup pukul 19.00,+1 516-759-5422,,
The Framing Gallery,Galeri Seni,Buka ⋅ Tutup pukul 17.30,+1 914-769-7141,,
Gallery 52,Toko Pigura,Buka ⋅ Tutup pukul 17.00,+1 914-921-1585,,
Heritage Frame & Picture Co,Toko Pigura,Buka ⋅ Tutup pukul 18.00,+1 212-233-3205,,
Blick Art Materials - Custom Printing & Framing,Toko Pigura,Buka ⋅ Tutup pukul 19.00,+1 516-203-7578,,
Ideal Framing,Toko Pigura,Tutup ⋅ Buka Rab pukul 10.00,+1 718-261-1684,,
JMC Custom Framing Inc,Toko Pigura,Buka ⋅ Tutup pukul 20.00,+1 212-977-8877,,
Excel Art & Framing,Toko Pigura,Buka ⋅ Tutup pukul 19.30,+1 212-255-2970,,
One Hour Framing,,Buka Sen 9 Jan,+1 212-869-5263,,
Make A Frame Bedford ltd,Toko Pigura,Buka ⋅ Tutup pukul 19.00,+1 718-857-0760,,
Thomson's Art Supply,Toko Perlengkapan Kesenian,Segera tutup ⋅ Tutup pukul 16.00,+1 914-949-4885,,
Charles Michael Gallery,Galeri Seni,Buka ⋅ Tutup pukul 17.00,+1 203-655-8070,,
Photo Mission Custom Framing and Photo Lab NYC,Lab Foto,Buka ⋅ Tutup pukul 17.00,+1 212-972-8701,,
Gee Picture Framing,Picture frame shop,"Oakville, CT",(860) 274-4252,,
Display Excellence,Picture frame shop,"New Haven, Connecticut",(860) 438-8700,,
Clapp & Tuttle Picture Framing,Picture frame shop,"Woodbury, CT · In Middle Quarter Mall",(203) 263-2207,,
Liberty Art & Framing,Picture frame shop,"Torrington, CT",(860) 618-7092,,
Barbara's Gallery & Custom,Picture frame shop,"Cheshire, CT · In Countryside Shoppes",(203) 271-3432,,
Svanda's Framing & Art,Picture frame shop,"Brookfield, CT",(203) 775-4528,,
Petrini Framing & Art,Picture frame shop,"Avon, CT · In Avon Village Marketplace",(860) 995-6534,,
Wallingford Frame N' Art LLC,Picture frame shop,"Wallingford, CT · In 857 North Main St Extension",(203) 265-6643,,
Farmington Frame Co LLC,Picture frame shop,"Farmington, CT",(860) 676-1616,,
"Janow Custom Framing, LLC",Picture frame shop,"West Hartford, CT · In NELLIE MARIE ARTISTRY",(860) 236-0800,,
EBK Picture Framing LLC,Picture frame shop,"Hartford, CT",(860) 523-9384,,
Collinsville Framing,Picture frame shop,"Collinsville, CT",(860) 693-8947,,
The Artful Framer,Picture frame shop,"Avon, CT",(860) 678-1321,,
Hartford Fine Art & Framing Co,Picture frame shop,"East Hartford, CT",(860) 528-1409,,
Katz Framing Co.,Picture frame shop,"Hartford, CT",(860) 956-2844,,
Cromwell Frame N' Art,Picture frame shop,"Cromwell, CT · In Willowbrook Plaza",(860) 635-2266,,
North Light Gallery & Framing,Toko Pigura,Segera tutup ⋅ Tutup pukul 16.00,+1 203-481-2103,,
Gregory James Gallery - Fine Art & the Art of Picture Framing,Toko Pigura,Buka ⋅ Tutup pukul 17.00,+1 860-354-3436,,
Hull's Art Supply & Framing,Toko Perlengkapan Kesenian,Buka ⋅ Tutup pukul 18.00,+1 203-865-4855,,
Gilded Moon Framing,Toko Pigura,Buka ⋅ Tutup pukul 17.00,+1 518-789-3428,,
Frame Synergy,Toko Pigura,Buka ⋅ Tutup pukul 18.00,+1 203-747-8156,,
Ursel's Web,Toko Pigura,Buka ⋅ Tutup pukul 17.00,+1 860-344-0041,,
Frame Gallery,Toko Pigura,Tutup ⋅ Buka Rab pukul 13.00,+1 203-481-3085,,
International Framers,Perusahaan Konstruksi,"Naugatuck, CT, Amerika Serikat",+1 203-723-4564,,
Frame Dimensions LLC,Picture frame shop,"Manchester, CT",(860) 649-6939,,
Rockwell Fine Custom Framing,Picture frame shop,"Wilton, CT",(203) 762-8311,,
Housatonic Art & Frame,Picture frame shop,"Cornwall Bridge, CT",(860) 619-8097,,
Affordable Framing LLC,Picture frame shop,"East Granby, CT · In Center Shops",(860) 413-9948,,
Country Framer,Picture frame shop,"Higganum, CT",(860) 345-4234,,
"Wholesale Frame Company, LLC",Picture frame shop,"Meriden, CT",(203) 238-9841,,
Frame Dimensions,Picture frame shop,"West Hartford, CT",(860) 232-2120,,
Art and Frame of Danbury,Picture frame shop,"Newtown, CT",(203) 748-0197,,
Chris Durante Framing Studio,Picture frame shop,"Danbury, CT",(203) 748-6301,,
Shortell Framing,Picture frame shop,"Hartford, CT",(860) 236-4787,,
Framed,Picture frame shop,"Hamden, CT",(203) 288-1991,,
Pedersen Frames,Picture frame shop,"New Haven, CT · In Erector Square",(203) 495-9550,,
The Frame Shop & Da Silva Gallery,Picture frame shop,"New Haven, CT",(203) 387-2539,,
Reliable Framing,Picture frame shop,"Danbury, CT",(203) 417-3325,,
Imagine It Framed,Picture frame shop,"Simsbury, CT",(860) 651-3770,,
JW Frame Crafters,Picture frame shop,"South Glastonbury, CT",(860) 657-2245,,
Frames and Stretchers Factory,Picture frame shop,"New Haven, CT",(718) 207-1184,,
Bantam Frameworks,Picture frame shop,"Bantam, CT",(860) 567-4768,,
Shutter Speed Photo,Store,"Middlebury, CT",(203) 598-3933,,
Koenig FrameWorks,Picture frame shop,"Newtown, CT",(203) 270-1887,,
Painting Frames Plus,Picture frame shop,"Wallingford, CT",(203) 774-3513,,
PRECISION ART CT,Picture frame shop,"Waterbury, Connecticut",(203) 505-8290,,
Poster Frame Depot,Manufacturer,"Derby, CT",(203) 713-2701,,
Wall Street Gallery,Picture frame shop,"Madison, CT",(203) 245-2912,,
The Chester Frame Company,Picture frame shop,"Madison, CT",(203) 415-8205,,
Accent Restoration,Art gallery,"Darien, CT",(203) 655-9735,,
The Frame Shop of Ridgefield,Picture frame shop,"Ridgefield, CT",(203) 244-5044,,
Ika Art & Frame,Picture frame shop,"Newington, CT · In Oneil Plaza",(860) 667-4040,,
Jerry's Artarama of CT,Picture frame shop,"West Hartford, CT",(860) 232-0073,,
Jennifer Galleries Ltd,Picture frame shop,"Avon, CT · In Riverdale Farms Shopping",(860) 678-8323,,
Jeff's Picture Framing,Picture frame shop,"Springfield, MA",(413) 785-5544,,
Pictureframingschool.com,Adult education school,"New Britain, Connecticut",(860) 940-9262,,
The Frame Shop on Wall Street,Picture frame shop,"Madison, CT",(203) 779-5213,,
Frame Deli,Picture frame shop,"South Windsor, CT",,,
A Frame of Mind,Picture frame shop,"Norwich, CT",(860) 887-2142,,
Hope and Feathers Framing and Printing,Picture frame shop,"Amherst, MA",(413) 835-0197,,
Frames Antique Frames,Picture frame shop,"New Britain, Connecticut",(860) 605-7015,,
Towne Gallery Framing,Picture frame shop,"Lenox, MA",(413) 637-0053,,
JOANN Fabric and Crafts,Picture frame shop,"Newington, CT",(860) 667-4085,,
Bethel Photoworks,Picture frame shop,"Bethel, CT",(203) 733-7000,,
Presto Frame & Moulding,Picture frame shop,"Bethel, CT",(203) 744-4499,,
Barn Gallery & Frame Shop,Art gallery,"New Fairfield, CT",(203) 746-4502,,
Katonah Art & Frame Shop,Picture frame shop,"Katonah, NY",(914) 232-4400,,
Golf-Art,Picture frame shop,"Ridgefield, CT",(800) 283-3344,,
Still River Editions,Photo lab,128 E Liberty St Suite 3,(203) 791-1474,,
Chappaqua Framing,Picture frame shop,"Chappaqua, NY",(914) 238-0753,,
Artistic Services,Picture frame shop,"White Plains, NY",(914) 328-2279,,
Rad Art Framing,Picture frame shop,"Hartsdale, NY",(914) 260-9955,,
Circle 7 Framing,Picture frame shop,"Larchmont, NY",(914) 630-0436,,
Scarsdale Frame & Art,Picture frame shop,"Scarsdale, NY",(914) 722-6768,,
Tuckahoe Framing Gallery,Picture frame shop,"Tuckahoe, NY",(914) 222-9276,,
Scarsdale Art,Picture frame shop,"Hartsdale, NY",(914) 260-9955,,
Palmer Art Custom Framing,Art gallery,"Larchmont, NY · In Aissata Fernandez Taranco",(914) 834-3627,,
Claude Gallery Frames,Picture frame shop,"Eastchester, NY",(914) 779-8822,,
Pictures For Business & Home Decor - TheFramingStore.com,Picture frame shop,"Yonkers, NY",(914) 964-0015,,
🖼️ Frame Gallery,Picture frame shop,"Port Washington, NY",(516) 883-6531,,
"HBM Picture Frame, Inc.",Picture frame shop,"Yonkers, NY",(914) 207-0699,,
Sam's Art & Framing inc.,Picture frame shop,"Flushing, NY",(718) 445-3980,,
"YOUR ART FRAMER, LLC",Picture frame shop,"Yonkers, NY",(212) 724-2526,,
Cross Island Frame-Art,Picture frame shop,"Queens, NY · In Whitestone Shopping Center",(718) 747-4278,,
Bobs Art & Framing,Picture frame shop,"New City, NY",(845) 634-6933,,
Framing and Guilding,Picture frame shop,"The Bronx, NY · In Bruckner Building",(917) 693-6867,,
